{"level":"info","message":"Redis client connected","service":"backend","timestamp":"2026-01-28 18:20:13"}
{"level":"info","message":"Redis client ready","service":"backend","timestamp":"2026-01-28 18:20:13"}
{"0":"R","1":"e","10":"l","11":"r","12":"e","13":"a","14":"d","15":"y","16":" ","17":"c","18":"o","19":"n","2":"d","20":"n","21":"e","22":"c","23":"t","24":"i","25":"n","26":"g","27":"/","28":"c","29":"o","3":"i","30":"n","31":"n","32":"e","33":"c","34":"t","35":"e","36":"d","4":"s","5":" ","6":"i","7":"s","8":" ","9":"a","level":"warn","message":"Redis connection failed, server starting without cache:","service":"backend","timestamp":"2026-01-28 18:20:13"}
{"level":"info","message":"Server running at http://0.0.0.0:3000","service":"backend","timestamp":"2026-01-28 18:20:14"}
{"level":"info","message":"Environment: development","service":"backend","timestamp":"2026-01-28 18:20:14"}
{"level":"info","message":"Redis connected: true","service":"backend","timestamp":"2026-01-28 18:20:14"}
{"level":"info","message":"GET /api/community/joined","service":"backend","timestamp":"2026-01-28 18:21:01"}
{"level":"info","message":"GET /api/community/posts/feed","service":"backend","timestamp":"2026-01-28 18:21:01"}
{"level":"info","message":"GET /api/community/discover","service":"backend","timestamp":"2026-01-28 18:21:01"}
{"level":"info","message":"GET /api/creator/stats/45554222-652f-4eb5-b4e6-9ebc83a5371a","service":"backend","timestamp":"2026-01-28 18:21:01"}
{"level":"info","message":"GET /api/profile/user/45554222-652f-4eb5-b4e6-9ebc83a5371a","service":"backend","timestamp":"2026-01-28 18:21:01"}
{"level":"debug","message":"[getCreatorStats] userId=45554222-652f-4eb5-b4e6-9ebc83a5371a cacheKey=creator_stats:45554222-652f-4eb5-b4e6-9ebc83a5371a","service":"backend","timestamp":"2026-01-28 18:21:02"}
{"level":"debug","message":"[getCreatorStats] Cache miss -> fetching from Supabase for 45554222-652f-4eb5-b4e6-9ebc83a5371a","service":"backend","timestamp":"2026-01-28 18:21:02"}
{"level":"debug","message":"[getProfile] id=45554222-652f-4eb5-b4e6-9ebc83a5371a cacheKey=profile:45554222-652f-4eb5-b4e6-9ebc83a5371a","service":"backend","timestamp":"2026-01-28 18:21:02"}
{"level":"debug","message":"[getProfile] Cache miss -> fetching from Supabase for 45554222-652f-4eb5-b4e6-9ebc83a5371a","service":"backend","timestamp":"2026-01-28 18:21:02"}
{"level":"debug","message":"[getProfile] Supabase fetch success, will cache key: profile:45554222-652f-4eb5-b4e6-9ebc83a5371a","service":"backend","timestamp":"2026-01-28 18:21:02"}
{"level":"debug","message":"[getProfile] Returning profile for id=45554222-652f-4eb5-b4e6-9ebc83a5371a","service":"backend","timestamp":"2026-01-28 18:21:02"}
{"level":"debug","message":"[getCreatorStats] Supabase fetch success, will cache key: creator_stats:45554222-652f-4eb5-b4e6-9ebc83a5371a","service":"backend","timestamp":"2026-01-28 18:21:02"}
{"level":"debug","message":"[getCreatorStats] Returning stats for userId=45554222-652f-4eb5-b4e6-9ebc83a5371a","service":"backend","timestamp":"2026-01-28 18:21:02"}
{"level":"info","message":"GET /api/message","service":"backend","timestamp":"2026-01-28 18:21:03"}
{"level":"info","message":"GET /api/service/mine","service":"backend","timestamp":"2026-01-28 18:21:06"}
{"level":"info","message":"POST /api/service","service":"backend","timestamp":"2026-01-28 18:22:16"}
{"level":"info","message":"GET /api/service/mine","service":"backend","timestamp":"2026-01-28 18:22:16"}
{"level":"info","message":"GET /api/service/c31d4cee-f0a4-4077-940a-65c12694a38e","service":"backend","timestamp":"2026-01-28 18:22:16"}
{"code":"PGRST200","details":"Searched for a foreign key relationship between 'services' and 'creator_id' in the schema 'public', but no matches were found.","hint":null,"level":"error","message":"Could not find a relationship between 'services' and 'creator_id' in the schema cache","service":"backend","timestamp":"2026-01-28 18:22:17"}
{"level":"error","message":"Could not find a relationship between 'services' and 'creator_id' in the schema cache","method":"GET","service":"backend","timestamp":"2026-01-28 18:22:17","url":"/api/service/c31d4cee-f0a4-4077-940a-65c12694a38e"}
{"level":"info","message":"GET /api/service/c31d4cee-f0a4-4077-940a-65c12694a38e","service":"backend","timestamp":"2026-01-28 18:22:18"}
{"code":"PGRST200","details":"Searched for a foreign key relationship between 'services' and 'creator_id' in the schema 'public', but no matches were found.","hint":null,"level":"error","message":"Could not find a relationship between 'services' and 'creator_id' in the schema cache","service":"backend","timestamp":"2026-01-28 18:22:18"}
{"level":"error","message":"Could not find a relationship between 'services' and 'creator_id' in the schema cache","method":"GET","service":"backend","timestamp":"2026-01-28 18:22:18","url":"/api/service/c31d4cee-f0a4-4077-940a-65c12694a38e"}
{"level":"info","message":"GET /api/service/c31d4cee-f0a4-4077-940a-65c12694a38e","service":"backend","timestamp":"2026-01-28 18:22:21"}
{"code":"PGRST200","details":"Searched for a foreign key relationship between 'services' and 'creator_id' in the schema 'public', but no matches were found.","hint":null,"level":"error","message":"Could not find a relationship between 'services' and 'creator_id' in the schema cache","service":"backend","timestamp":"2026-01-28 18:22:21"}
{"level":"error","message":"Could not find a relationship between 'services' and 'creator_id' in the schema cache","method":"GET","service":"backend","timestamp":"2026-01-28 18:22:21","url":"/api/service/c31d4cee-f0a4-4077-940a-65c12694a38e"}
{"level":"info","message":"GET /api/service/c31d4cee-f0a4-4077-940a-65c12694a38e","service":"backend","timestamp":"2026-01-28 18:22:29"}
{"code":"PGRST200","details":"Searched for a foreign key relationship between 'services' and 'creator_id' in the schema 'public', but no matches were found.","hint":null,"level":"error","message":"Could not find a relationship between 'services' and 'creator_id' in the schema cache","service":"backend","timestamp":"2026-01-28 18:22:30"}
{"level":"error","message":"Could not find a relationship between 'services' and 'creator_id' in the schema cache","method":"GET","service":"backend","timestamp":"2026-01-28 18:22:30","url":"/api/service/c31d4cee-f0a4-4077-940a-65c12694a38e"}
{"level":"info","message":"GET /api/service/c31d4cee-f0a4-4077-940a-65c12694a38e","service":"backend","timestamp":"2026-01-28 18:22:31"}
{"code":"PGRST200","details":"Searched for a foreign key relationship between 'services' and 'creator_id' in the schema 'public', but no matches were found.","hint":null,"level":"error","message":"Could not find a relationship between 'services' and 'creator_id' in the schema cache","service":"backend","timestamp":"2026-01-28 18:22:31"}
{"level":"error","message":"Could not find a relationship between 'services' and 'creator_id' in the schema cache","method":"GET","service":"backend","timestamp":"2026-01-28 18:22:31","url":"/api/service/c31d4cee-f0a4-4077-940a-65c12694a38e"}
{"level":"info","message":"GET /api/service/c31d4cee-f0a4-4077-940a-65c12694a38e","service":"backend","timestamp":"2026-01-28 18:22:33"}
{"code":"PGRST200","details":"Searched for a foreign key relationship between 'services' and 'creator_id' in the schema 'public', but no matches were found.","hint":null,"level":"error","message":"Could not find a relationship between 'services' and 'creator_id' in the schema cache","service":"backend","timestamp":"2026-01-28 18:22:34"}
{"level":"error","message":"Could not find a relationship between 'services' and 'creator_id' in the schema cache","method":"GET","service":"backend","timestamp":"2026-01-28 18:22:34","url":"/api/service/c31d4cee-f0a4-4077-940a-65c12694a38e"}
{"level":"info","message":"GET /api/profile/user/45554222-652f-4eb5-b4e6-9ebc83a5371a","service":"backend","timestamp":"2026-01-28 18:23:03"}
{"level":"debug","message":"[getProfile] id=45554222-652f-4eb5-b4e6-9ebc83a5371a cacheKey=profile:45554222-652f-4eb5-b4e6-9ebc83a5371a","service":"backend","timestamp":"2026-01-28 18:23:03"}
{"level":"debug","message":"[getProfile] Returning profile for id=45554222-652f-4eb5-b4e6-9ebc83a5371a","service":"backend","timestamp":"2026-01-28 18:23:03"}
{"level":"info","message":"GET /api/follow/followers/45554222-652f-4eb5-b4e6-9ebc83a5371a","service":"backend","timestamp":"2026-01-28 18:23:04"}
{"level":"info","message":"GET /api/follow/following/45554222-652f-4eb5-b4e6-9ebc83a5371a","service":"backend","timestamp":"2026-01-28 18:23:04"}
{"level":"info","message":"GET /api/message/a9ecb506-defe-4041-b051-e45d27629685","service":"backend","timestamp":"2026-01-28 18:23:29"}
{"level":"info","message":"GET /api/message/a9ecb506-defe-4041-b051-e45d27629685","service":"backend","timestamp":"2026-01-28 18:23:33"}
{"level":"info","message":"GET /api/message/22c3bdbb-17f1-4ace-8180-f931472ead72","service":"backend","timestamp":"2026-01-28 18:23:42"}
{"level":"info","message":"GET /api/creator/stats/45554222-652f-4eb5-b4e6-9ebc83a5371a","service":"backend","timestamp":"2026-01-28 18:24:17"}
{"level":"debug","message":"[getCreatorStats] userId=45554222-652f-4eb5-b4e6-9ebc83a5371a cacheKey=creator_stats:45554222-652f-4eb5-b4e6-9ebc83a5371a","service":"backend","timestamp":"2026-01-28 18:24:18"}
{"level":"debug","message":"[getCreatorStats] Cache miss -> fetching from Supabase for 45554222-652f-4eb5-b4e6-9ebc83a5371a","service":"backend","timestamp":"2026-01-28 18:24:18"}
{"level":"debug","message":"[getCreatorStats] Supabase fetch success, will cache key: creator_stats:45554222-652f-4eb5-b4e6-9ebc83a5371a","service":"backend","timestamp":"2026-01-28 18:24:18"}
{"level":"debug","message":"[getCreatorStats] Returning stats for userId=45554222-652f-4eb5-b4e6-9ebc83a5371a","service":"backend","timestamp":"2026-01-28 18:24:18"}
{"level":"info","message":"GET /api/message","service":"backend","timestamp":"2026-01-28 18:24:18"}
{"level":"info","message":"GET /api/profile/user/45554222-652f-4eb5-b4e6-9ebc83a5371a","service":"backend","timestamp":"2026-01-28 18:24:19"}
{"level":"debug","message":"[getProfile] id=45554222-652f-4eb5-b4e6-9ebc83a5371a cacheKey=profile:45554222-652f-4eb5-b4e6-9ebc83a5371a","service":"backend","timestamp":"2026-01-28 18:24:20"}
{"level":"debug","message":"[getProfile] Returning profile for id=45554222-652f-4eb5-b4e6-9ebc83a5371a","service":"backend","timestamp":"2026-01-28 18:24:20"}
{"level":"info","message":"GET /api/profile/user/45554222-652f-4eb5-b4e6-9ebc83a5371a","service":"backend","timestamp":"2026-01-28 18:26:19"}
{"level":"debug","message":"[getProfile] id=45554222-652f-4eb5-b4e6-9ebc83a5371a cacheKey=profile:45554222-652f-4eb5-b4e6-9ebc83a5371a","service":"backend","timestamp":"2026-01-28 18:26:19"}
{"level":"debug","message":"[getProfile] Returning profile for id=45554222-652f-4eb5-b4e6-9ebc83a5371a","service":"backend","timestamp":"2026-01-28 18:26:19"}
{"level":"info","message":"GET /api/profile/user/45554222-652f-4eb5-b4e6-9ebc83a5371a","service":"backend","timestamp":"2026-01-28 18:28:18"}
{"level":"debug","message":"[getProfile] id=45554222-652f-4eb5-b4e6-9ebc83a5371a cacheKey=profile:45554222-652f-4eb5-b4e6-9ebc83a5371a","service":"backend","timestamp":"2026-01-28 18:28:19"}
{"level":"debug","message":"[getProfile] Returning profile for id=45554222-652f-4eb5-b4e6-9ebc83a5371a","service":"backend","timestamp":"2026-01-28 18:28:19"}
{"level":"info","message":"GET /api/profile/user/45554222-652f-4eb5-b4e6-9ebc83a5371a","service":"backend","timestamp":"2026-01-28 18:30:19"}
{"level":"debug","message":"[getProfile] id=45554222-652f-4eb5-b4e6-9ebc83a5371a cacheKey=profile:45554222-652f-4eb5-b4e6-9ebc83a5371a","service":"backend","timestamp":"2026-01-28 18:30:19"}
{"level":"debug","message":"[getProfile] Returning profile for id=45554222-652f-4eb5-b4e6-9ebc83a5371a","service":"backend","timestamp":"2026-01-28 18:30:19"}
{"level":"info","message":"GET /api/profile/user/45554222-652f-4eb5-b4e6-9ebc83a5371a","service":"backend","timestamp":"2026-01-28 18:31:07"}
{"level":"debug","message":"[getProfile] id=45554222-652f-4eb5-b4e6-9ebc83a5371a cacheKey=profile:45554222-652f-4eb5-b4e6-9ebc83a5371a","service":"backend","timestamp":"2026-01-28 18:31:07"}
{"level":"debug","message":"[getProfile] Returning profile for id=45554222-652f-4eb5-b4e6-9ebc83a5371a","service":"backend","timestamp":"2026-01-28 18:31:07"}
{"level":"info","message":"GET /api/profile/user/45554222-652f-4eb5-b4e6-9ebc83a5371a","service":"backend","timestamp":"2026-01-28 18:31:08"}
{"level":"debug","message":"[getProfile] id=45554222-652f-4eb5-b4e6-9ebc83a5371a cacheKey=profile:45554222-652f-4eb5-b4e6-9ebc83a5371a","service":"backend","timestamp":"2026-01-28 18:31:08"}
{"level":"debug","message":"[getProfile] Returning profile for id=45554222-652f-4eb5-b4e6-9ebc83a5371a","service":"backend","timestamp":"2026-01-28 18:31:08"}
{"level":"info","message":"GET /api/community/discover","service":"backend","timestamp":"2026-01-28 18:35:12"}
{"level":"info","message":"GET /api/creator/stats/45554222-652f-4eb5-b4e6-9ebc83a5371a","service":"backend","timestamp":"2026-01-28 18:35:12"}
{"level":"info","message":"GET /api/community/joined","service":"backend","timestamp":"2026-01-28 18:35:12"}
{"level":"info","message":"GET /api/community/posts/feed","service":"backend","timestamp":"2026-01-28 18:35:12"}
{"level":"debug","message":"[getCreatorStats] userId=45554222-652f-4eb5-b4e6-9ebc83a5371a cacheKey=creator_stats:45554222-652f-4eb5-b4e6-9ebc83a5371a","service":"backend","timestamp":"2026-01-28 18:35:12"}
{"level":"debug","message":"[getCreatorStats] Cache miss -> fetching from Supabase for 45554222-652f-4eb5-b4e6-9ebc83a5371a","service":"backend","timestamp":"2026-01-28 18:35:12"}
{"level":"debug","message":"[getCreatorStats] Supabase fetch success, will cache key: creator_stats:45554222-652f-4eb5-b4e6-9ebc83a5371a","service":"backend","timestamp":"2026-01-28 18:35:13"}
{"level":"debug","message":"[getCreatorStats] Returning stats for userId=45554222-652f-4eb5-b4e6-9ebc83a5371a","service":"backend","timestamp":"2026-01-28 18:35:13"}
{"level":"info","message":"GET /api/service/mine","service":"backend","timestamp":"2026-01-28 18:35:13"}
{"level":"info","message":"GET /api/service/c31d4cee-f0a4-4077-940a-65c12694a38e","service":"backend","timestamp":"2026-01-28 18:35:17"}
{"code":"PGRST200","details":"Searched for a foreign key relationship between 'services' and 'creator_id' in the schema 'public', but no matches were found.","hint":null,"level":"error","message":"Could not find a relationship between 'services' and 'creator_id' in the schema cache","service":"backend","timestamp":"2026-01-28 18:35:17"}
{"level":"error","message":"Could not find a relationship between 'services' and 'creator_id' in the schema cache","method":"GET","service":"backend","timestamp":"2026-01-28 18:35:17","url":"/api/service/c31d4cee-f0a4-4077-940a-65c12694a38e"}
{"level":"info","message":"GET /api/service/c31d4cee-f0a4-4077-940a-65c12694a38e","service":"backend","timestamp":"2026-01-28 18:35:19"}
{"code":"PGRST200","details":"Searched for a foreign key relationship between 'services' and 'creator_id' in the schema 'public', but no matches were found.","hint":null,"level":"error","message":"Could not find a relationship between 'services' and 'creator_id' in the schema cache","service":"backend","timestamp":"2026-01-28 18:35:19"}
{"level":"error","message":"Could not find a relationship between 'services' and 'creator_id' in the schema cache","method":"GET","service":"backend","timestamp":"2026-01-28 18:35:19","url":"/api/service/c31d4cee-f0a4-4077-940a-65c12694a38e"}
{"level":"info","message":"GET /api/service/c31d4cee-f0a4-4077-940a-65c12694a38e","service":"backend","timestamp":"2026-01-28 18:35:21"}
{"code":"PGRST200","details":"Searched for a foreign key relationship between 'services' and 'creator_id' in the schema 'public', but no matches were found.","hint":null,"level":"error","message":"Could not find a relationship between 'services' and 'creator_id' in the schema cache","service":"backend","timestamp":"2026-01-28 18:35:22"}
{"level":"error","message":"Could not find a relationship between 'services' and 'creator_id' in the schema cache","method":"GET","service":"backend","timestamp":"2026-01-28 18:35:22","url":"/api/service/c31d4cee-f0a4-4077-940a-65c12694a38e"}
{"level":"info","message":"GET /api/profile/user/45554222-652f-4eb5-b4e6-9ebc83a5371a","service":"backend","timestamp":"2026-01-28 18:37:13"}
{"level":"debug","message":"[getProfile] id=45554222-652f-4eb5-b4e6-9ebc83a5371a cacheKey=profile:45554222-652f-4eb5-b4e6-9ebc83a5371a","service":"backend","timestamp":"2026-01-28 18:37:14"}
{"level":"debug","message":"[getProfile] Returning profile for id=45554222-652f-4eb5-b4e6-9ebc83a5371a","service":"backend","timestamp":"2026-01-28 18:37:14"}
{"level":"info","message":"GET /api/message","service":"backend","timestamp":"2026-01-28 18:37:36"}
{"level":"info","message":"GET /api/follow/following/45554222-652f-4eb5-b4e6-9ebc83a5371a","service":"backend","timestamp":"2026-01-28 18:37:37"}
{"level":"info","message":"GET /api/follow/followers/45554222-652f-4eb5-b4e6-9ebc83a5371a","service":"backend","timestamp":"2026-01-28 18:37:37"}
{"level":"info","message":"GET /api/message/a9ecb506-defe-4041-b051-e45d27629685","service":"backend","timestamp":"2026-01-28 18:37:39"}
{"level":"info","message":"DELETE /api/message/9b56721a-98cd-460a-b42b-34af31fae881","service":"backend","timestamp":"2026-01-28 18:37:46"}
{"level":"info","message":"GET /api/message","service":"backend","timestamp":"2026-01-28 18:37:48"}
{"level":"info","message":"GET /api/message/a9ecb506-defe-4041-b051-e45d27629685","service":"backend","timestamp":"2026-01-28 18:37:48"}
{"level":"info","message":"GET /api/message/a9ecb506-defe-4041-b051-e45d27629685","service":"backend","timestamp":"2026-01-28 18:38:04"}
{"level":"info","message":"GET /api/profile/user/45554222-652f-4eb5-b4e6-9ebc83a5371a","service":"backend","timestamp":"2026-01-28 18:38:29"}
{"level":"debug","message":"[getProfile] id=45554222-652f-4eb5-b4e6-9ebc83a5371a cacheKey=profile:45554222-652f-4eb5-b4e6-9ebc83a5371a","service":"backend","timestamp":"2026-01-28 18:38:29"}
{"level":"debug","message":"[getProfile] Returning profile for id=45554222-652f-4eb5-b4e6-9ebc83a5371a","service":"backend","timestamp":"2026-01-28 18:38:29"}
{"level":"info","message":"GET /api/community/joined","service":"backend","timestamp":"2026-01-28 18:42:05"}
{"level":"info","message":"GET /api/creator/stats/45554222-652f-4eb5-b4e6-9ebc83a5371a","service":"backend","timestamp":"2026-01-28 18:42:05"}
{"level":"info","message":"GET /api/community/discover","service":"backend","timestamp":"2026-01-28 18:42:05"}
{"level":"info","message":"GET /api/community/posts/feed","service":"backend","timestamp":"2026-01-28 18:42:05"}
{"level":"debug","message":"[getCreatorStats] userId=45554222-652f-4eb5-b4e6-9ebc83a5371a cacheKey=creator_stats:45554222-652f-4eb5-b4e6-9ebc83a5371a","service":"backend","timestamp":"2026-01-28 18:42:05"}
{"level":"debug","message":"[getCreatorStats] Cache miss -> fetching from Supabase for 45554222-652f-4eb5-b4e6-9ebc83a5371a","service":"backend","timestamp":"2026-01-28 18:42:05"}
{"level":"info","message":"GET /api/service/mine","service":"backend","timestamp":"2026-01-28 18:42:06"}
{"level":"debug","message":"[getCreatorStats] Supabase fetch success, will cache key: creator_stats:45554222-652f-4eb5-b4e6-9ebc83a5371a","service":"backend","timestamp":"2026-01-28 18:42:06"}
{"level":"debug","message":"[getCreatorStats] Returning stats for userId=45554222-652f-4eb5-b4e6-9ebc83a5371a","service":"backend","timestamp":"2026-01-28 18:42:06"}
{"level":"info","message":"GET /api/profile/user/45554222-652f-4eb5-b4e6-9ebc83a5371a","service":"backend","timestamp":"2026-01-28 18:42:53"}
{"level":"debug","message":"[getProfile] id=45554222-652f-4eb5-b4e6-9ebc83a5371a cacheKey=profile:45554222-652f-4eb5-b4e6-9ebc83a5371a","service":"backend","timestamp":"2026-01-28 18:42:53"}
{"level":"debug","message":"[getProfile] Returning profile for id=45554222-652f-4eb5-b4e6-9ebc83a5371a","service":"backend","timestamp":"2026-01-28 18:42:53"}
{"level":"info","message":"GET /api/profile/user/45554222-652f-4eb5-b4e6-9ebc83a5371a","service":"backend","timestamp":"2026-01-28 18:44:01"}
{"level":"debug","message":"[getProfile] id=45554222-652f-4eb5-b4e6-9ebc83a5371a cacheKey=profile:45554222-652f-4eb5-b4e6-9ebc83a5371a","service":"backend","timestamp":"2026-01-28 18:44:01"}
{"level":"debug","message":"[getProfile] Returning profile for id=45554222-652f-4eb5-b4e6-9ebc83a5371a","service":"backend","timestamp":"2026-01-28 18:44:01"}
{"level":"info","message":"GET /api/profile/user/45554222-652f-4eb5-b4e6-9ebc83a5371a","service":"backend","timestamp":"2026-01-28 18:44:04"}
{"level":"debug","message":"[getProfile] id=45554222-652f-4eb5-b4e6-9ebc83a5371a cacheKey=profile:45554222-652f-4eb5-b4e6-9ebc83a5371a","service":"backend","timestamp":"2026-01-28 18:44:04"}
{"level":"debug","message":"[getProfile] Returning profile for id=45554222-652f-4eb5-b4e6-9ebc83a5371a","service":"backend","timestamp":"2026-01-28 18:44:04"}
{"level":"info","message":"GET /api/profile/user/45554222-652f-4eb5-b4e6-9ebc83a5371a","service":"backend","timestamp":"2026-01-28 18:44:05"}
{"level":"debug","message":"[getProfile] id=45554222-652f-4eb5-b4e6-9ebc83a5371a cacheKey=profile:45554222-652f-4eb5-b4e6-9ebc83a5371a","service":"backend","timestamp":"2026-01-28 18:44:05"}
{"level":"debug","message":"[getProfile] Returning profile for id=45554222-652f-4eb5-b4e6-9ebc83a5371a","service":"backend","timestamp":"2026-01-28 18:44:05"}
{"level":"info","message":"POST /api/service","service":"backend","timestamp":"2026-01-28 18:44:09"}
{"level":"info","message":"GET /api/service/mine","service":"backend","timestamp":"2026-01-28 18:44:10"}
{"level":"info","message":"POST /api/service/e0816d39-3011-4cd1-a51c-bceca28a9d5c/modules","service":"backend","timestamp":"2026-01-28 18:44:10"}
{"level":"info","message":"POST /api/service/modules/32aae883-d25c-4a75-a031-a7f7b57fb6db/lessons","service":"backend","timestamp":"2026-01-28 18:44:11"}
{"level":"info","message":"GET /api/service/e0816d39-3011-4cd1-a51c-bceca28a9d5c","service":"backend","timestamp":"2026-01-28 18:44:19"}
{"code":"PGRST200","details":"Searched for a foreign key relationship between 'services' and 'creator_id' in the schema 'public', but no matches were found.","hint":null,"level":"error","message":"Could not find a relationship between 'services' and 'creator_id' in the schema cache","service":"backend","timestamp":"2026-01-28 18:44:19"}
{"level":"error","message":"Could not find a relationship between 'services' and 'creator_id' in the schema cache","method":"GET","service":"backend","timestamp":"2026-01-28 18:44:19","url":"/api/service/e0816d39-3011-4cd1-a51c-bceca28a9d5c"}
{"level":"info","message":"GET /api/service/e0816d39-3011-4cd1-a51c-bceca28a9d5c","service":"backend","timestamp":"2026-01-28 18:44:21"}
{"code":"PGRST200","details":"Searched for a foreign key relationship between 'services' and 'creator_id' in the schema 'public', but no matches were found.","hint":null,"level":"error","message":"Could not find a relationship between 'services' and 'creator_id' in the schema cache","service":"backend","timestamp":"2026-01-28 18:44:21"}
{"level":"error","message":"Could not find a relationship between 'services' and 'creator_id' in the schema cache","method":"GET","service":"backend","timestamp":"2026-01-28 18:44:21","url":"/api/service/e0816d39-3011-4cd1-a51c-bceca28a9d5c"}
{"level":"info","message":"GET /api/service/e0816d39-3011-4cd1-a51c-bceca28a9d5c","service":"backend","timestamp":"2026-01-28 18:44:23"}
{"code":"PGRST200","details":"Searched for a foreign key relationship between 'services' and 'creator_id' in the schema 'public', but no matches were found.","hint":null,"level":"error","message":"Could not find a relationship between 'services' and 'creator_id' in the schema cache","service":"backend","timestamp":"2026-01-28 18:44:24"}
{"level":"error","message":"Could not find a relationship between 'services' and 'creator_id' in the schema cache","method":"GET","service":"backend","timestamp":"2026-01-28 18:44:24","url":"/api/service/e0816d39-3011-4cd1-a51c-bceca28a9d5c"}
{"level":"info","message":"GET /api/profile/user/45554222-652f-4eb5-b4e6-9ebc83a5371a","service":"backend","timestamp":"2026-01-28 18:44:31"}
{"level":"debug","message":"[getProfile] id=45554222-652f-4eb5-b4e6-9ebc83a5371a cacheKey=profile:45554222-652f-4eb5-b4e6-9ebc83a5371a","service":"backend","timestamp":"2026-01-28 18:44:31"}
{"level":"debug","message":"[getProfile] Returning profile for id=45554222-652f-4eb5-b4e6-9ebc83a5371a","service":"backend","timestamp":"2026-01-28 18:44:31"}
{"level":"info","message":"GET /api/profile/user/45554222-652f-4eb5-b4e6-9ebc83a5371a","service":"backend","timestamp":"2026-01-28 18:44:33"}
{"level":"debug","message":"[getProfile] id=45554222-652f-4eb5-b4e6-9ebc83a5371a cacheKey=profile:45554222-652f-4eb5-b4e6-9ebc83a5371a","service":"backend","timestamp":"2026-01-28 18:44:33"}
{"level":"debug","message":"[getProfile] Returning profile for id=45554222-652f-4eb5-b4e6-9ebc83a5371a","service":"backend","timestamp":"2026-01-28 18:44:33"}
{"level":"info","message":"GET /api/profile/user/45554222-652f-4eb5-b4e6-9ebc83a5371a","service":"backend","timestamp":"2026-01-28 19:06:46"}
{"level":"debug","message":"[getProfile] id=45554222-652f-4eb5-b4e6-9ebc83a5371a cacheKey=profile:45554222-652f-4eb5-b4e6-9ebc83a5371a","service":"backend","timestamp":"2026-01-28 19:06:46"}
{"level":"debug","message":"[getProfile] Returning profile for id=45554222-652f-4eb5-b4e6-9ebc83a5371a","service":"backend","timestamp":"2026-01-28 19:06:46"}
{"level":"info","message":"GET /api/profile/user/45554222-652f-4eb5-b4e6-9ebc83a5371a","service":"backend","timestamp":"2026-01-28 19:08:53"}
{"level":"info","message":"GET /api/profile/user/45554222-652f-4eb5-b4e6-9ebc83a5371a","service":"backend","timestamp":"2026-01-28 19:08:53"}
{"level":"debug","message":"[getProfile] id=45554222-652f-4eb5-b4e6-9ebc83a5371a cacheKey=profile:45554222-652f-4eb5-b4e6-9ebc83a5371a","service":"backend","timestamp":"2026-01-28 19:08:53"}
{"level":"debug","message":"[getProfile] Returning profile for id=45554222-652f-4eb5-b4e6-9ebc83a5371a","service":"backend","timestamp":"2026-01-28 19:08:53"}
{"level":"debug","message":"[getProfile] id=45554222-652f-4eb5-b4e6-9ebc83a5371a cacheKey=profile:45554222-652f-4eb5-b4e6-9ebc83a5371a","service":"backend","timestamp":"2026-01-28 19:08:53"}
{"level":"debug","message":"[getProfile] Returning profile for id=45554222-652f-4eb5-b4e6-9ebc83a5371a","service":"backend","timestamp":"2026-01-28 19:08:53"}
{"level":"info","message":"Redis client connected","service":"backend","timestamp":"2026-01-28 19:11:36"}
{"level":"info","message":"Redis client ready","service":"backend","timestamp":"2026-01-28 19:11:36"}
{"0":"R","1":"e","10":"l","11":"r","12":"e","13":"a","14":"d","15":"y","16":" ","17":"c","18":"o","19":"n","2":"d","20":"n","21":"e","22":"c","23":"t","24":"i","25":"n","26":"g","27":"/","28":"c","29":"o","3":"i","30":"n","31":"n","32":"e","33":"c","34":"t","35":"e","36":"d","4":"s","5":" ","6":"i","7":"s","8":" ","9":"a","level":"warn","message":"Redis connection failed, server starting without cache:","service":"backend","timestamp":"2026-01-28 19:11:36"}
{"level":"info","message":"Server running at http://0.0.0.0:3000","service":"backend","timestamp":"2026-01-28 19:11:36"}
{"level":"info","message":"Environment: development","service":"backend","timestamp":"2026-01-28 19:11:36"}
{"level":"info","message":"Redis connected: true","service":"backend","timestamp":"2026-01-28 19:11:36"}
{"level":"info","message":"GET /api/profile/user/45554222-652f-4eb5-b4e6-9ebc83a5371a","service":"backend","timestamp":"2026-01-28 19:13:59"}
{"level":"debug","message":"[getProfile] id=45554222-652f-4eb5-b4e6-9ebc83a5371a cacheKey=profile:45554222-652f-4eb5-b4e6-9ebc83a5371a","service":"backend","timestamp":"2026-01-28 19:13:59"}
{"level":"debug","message":"[getProfile] Returning profile for id=45554222-652f-4eb5-b4e6-9ebc83a5371a","service":"backend","timestamp":"2026-01-28 19:13:59"}
{"level":"info","message":"GET /api/profile/user/45554222-652f-4eb5-b4e6-9ebc83a5371a","service":"backend","timestamp":"2026-01-28 19:14:00"}
{"level":"debug","message":"[getProfile] id=45554222-652f-4eb5-b4e6-9ebc83a5371a cacheKey=profile:45554222-652f-4eb5-b4e6-9ebc83a5371a","service":"backend","timestamp":"2026-01-28 19:14:00"}
{"level":"debug","message":"[getProfile] Returning profile for id=45554222-652f-4eb5-b4e6-9ebc83a5371a","service":"backend","timestamp":"2026-01-28 19:14:00"}
{"level":"info","message":"GET /api/community/joined","service":"backend","timestamp":"2026-01-28 19:14:05"}
{"level":"info","message":"GET /api/creator/stats/45554222-652f-4eb5-b4e6-9ebc83a5371a","service":"backend","timestamp":"2026-01-28 19:14:05"}
{"level":"info","message":"GET /api/community/posts/feed","service":"backend","timestamp":"2026-01-28 19:14:05"}
{"level":"info","message":"GET /api/community/discover","service":"backend","timestamp":"2026-01-28 19:14:05"}
{"level":"debug","message":"[getCreatorStats] userId=45554222-652f-4eb5-b4e6-9ebc83a5371a cacheKey=creator_stats:45554222-652f-4eb5-b4e6-9ebc83a5371a","service":"backend","timestamp":"2026-01-28 19:14:06"}
{"level":"debug","message":"[getCreatorStats] Cache miss -> fetching from Supabase for 45554222-652f-4eb5-b4e6-9ebc83a5371a","service":"backend","timestamp":"2026-01-28 19:14:06"}
{"level":"debug","message":"[getCreatorStats] Supabase fetch success, will cache key: creator_stats:45554222-652f-4eb5-b4e6-9ebc83a5371a","service":"backend","timestamp":"2026-01-28 19:14:06"}
{"level":"debug","message":"[getCreatorStats] Returning stats for userId=45554222-652f-4eb5-b4e6-9ebc83a5371a","service":"backend","timestamp":"2026-01-28 19:14:06"}
{"level":"info","message":"GET /api/service/mine","service":"backend","timestamp":"2026-01-28 19:14:07"}
{"level":"info","message":"GET /api/profile/user/45554222-652f-4eb5-b4e6-9ebc83a5371a","service":"backend","timestamp":"2026-01-28 19:14:07"}
{"level":"debug","message":"[getProfile] id=45554222-652f-4eb5-b4e6-9ebc83a5371a cacheKey=profile:45554222-652f-4eb5-b4e6-9ebc83a5371a","service":"backend","timestamp":"2026-01-28 19:14:08"}
{"level":"debug","message":"[getProfile] Returning profile for id=45554222-652f-4eb5-b4e6-9ebc83a5371a","service":"backend","timestamp":"2026-01-28 19:14:08"}
{"level":"info","message":"GET /api/service/e0816d39-3011-4cd1-a51c-bceca28a9d5c","service":"backend","timestamp":"2026-01-28 19:14:26"}
{"code":"PGRST200","details":"Searched for a foreign key relationship between 'services' and 'creator_id' in the schema 'public', but no matches were found.","hint":null,"level":"error","message":"Could not find a relationship between 'services' and 'creator_id' in the schema cache","service":"backend","timestamp":"2026-01-28 19:14:27"}
{"level":"error","message":"Could not find a relationship between 'services' and 'creator_id' in the schema cache","method":"GET","service":"backend","timestamp":"2026-01-28 19:14:27","url":"/api/service/e0816d39-3011-4cd1-a51c-bceca28a9d5c"}
{"level":"info","message":"GET /api/service/e0816d39-3011-4cd1-a51c-bceca28a9d5c","service":"backend","timestamp":"2026-01-28 19:14:28"}
{"code":"PGRST200","details":"Searched for a foreign key relationship between 'services' and 'creator_id' in the schema 'public', but no matches were found.","hint":null,"level":"error","message":"Could not find a relationship between 'services' and 'creator_id' in the schema cache","service":"backend","timestamp":"2026-01-28 19:14:29"}
{"level":"error","message":"Could not find a relationship between 'services' and 'creator_id' in the schema cache","method":"GET","service":"backend","timestamp":"2026-01-28 19:14:29","url":"/api/service/e0816d39-3011-4cd1-a51c-bceca28a9d5c"}
{"level":"info","message":"GET /api/service/e0816d39-3011-4cd1-a51c-bceca28a9d5c","service":"backend","timestamp":"2026-01-28 19:14:31"}
{"code":"PGRST200","details":"Searched for a foreign key relationship between 'services' and 'creator_id' in the schema 'public', but no matches were found.","hint":null,"level":"error","message":"Could not find a relationship between 'services' and 'creator_id' in the schema cache","service":"backend","timestamp":"2026-01-28 19:14:31"}
{"level":"error","message":"Could not find a relationship between 'services' and 'creator_id' in the schema cache","method":"GET","service":"backend","timestamp":"2026-01-28 19:14:31","url":"/api/service/e0816d39-3011-4cd1-a51c-bceca28a9d5c"}
{"level":"info","message":"GET /api/message","service":"backend","timestamp":"2026-01-28 19:14:35"}
{"level":"info","message":"GET /api/follow/following/45554222-652f-4eb5-b4e6-9ebc83a5371a","service":"backend","timestamp":"2026-01-28 19:14:36"}
{"level":"info","message":"GET /api/follow/followers/45554222-652f-4eb5-b4e6-9ebc83a5371a","service":"backend","timestamp":"2026-01-28 19:14:36"}
{"level":"info","message":"GET /api/profile/user/45554222-652f-4eb5-b4e6-9ebc83a5371a","service":"backend","timestamp":"2026-01-28 19:16:06"}
{"level":"debug","message":"[getProfile] id=45554222-652f-4eb5-b4e6-9ebc83a5371a cacheKey=profile:45554222-652f-4eb5-b4e6-9ebc83a5371a","service":"backend","timestamp":"2026-01-28 19:16:07"}
{"level":"debug","message":"[getProfile] Returning profile for id=45554222-652f-4eb5-b4e6-9ebc83a5371a","service":"backend","timestamp":"2026-01-28 19:16:07"}
{"level":"info","message":"GET /api/profile/user/45554222-652f-4eb5-b4e6-9ebc83a5371a","service":"backend","timestamp":"2026-01-28 19:18:51"}
{"level":"debug","message":"[getProfile] id=45554222-652f-4eb5-b4e6-9ebc83a5371a cacheKey=profile:45554222-652f-4eb5-b4e6-9ebc83a5371a","service":"backend","timestamp":"2026-01-28 19:18:52"}
{"level":"debug","message":"[getProfile] Returning profile for id=45554222-652f-4eb5-b4e6-9ebc83a5371a","service":"backend","timestamp":"2026-01-28 19:18:52"}
{"level":"info","message":"GET /api/profile/user/45554222-652f-4eb5-b4e6-9ebc83a5371a","service":"backend","timestamp":"2026-01-28 19:18:53"}
{"level":"debug","message":"[getProfile] id=45554222-652f-4eb5-b4e6-9ebc83a5371a cacheKey=profile:45554222-652f-4eb5-b4e6-9ebc83a5371a","service":"backend","timestamp":"2026-01-28 19:18:53"}
{"level":"debug","message":"[getProfile] Returning profile for id=45554222-652f-4eb5-b4e6-9ebc83a5371a","service":"backend","timestamp":"2026-01-28 19:18:53"}
{"level":"info","message":"GET /api/creator/stats/45554222-652f-4eb5-b4e6-9ebc83a5371a","service":"backend","timestamp":"2026-01-28 19:19:02"}
{"level":"debug","message":"[getCreatorStats] userId=45554222-652f-4eb5-b4e6-9ebc83a5371a cacheKey=creator_stats:45554222-652f-4eb5-b4e6-9ebc83a5371a","service":"backend","timestamp":"2026-01-28 19:19:02"}
{"level":"debug","message":"[getCreatorStats] Cache miss -> fetching from Supabase for 45554222-652f-4eb5-b4e6-9ebc83a5371a","service":"backend","timestamp":"2026-01-28 19:19:02"}
{"level":"debug","message":"[getCreatorStats] Supabase fetch success, will cache key: creator_stats:45554222-652f-4eb5-b4e6-9ebc83a5371a","service":"backend","timestamp":"2026-01-28 19:19:03"}
{"level":"debug","message":"[getCreatorStats] Returning stats for userId=45554222-652f-4eb5-b4e6-9ebc83a5371a","service":"backend","timestamp":"2026-01-28 19:19:03"}
{"level":"info","message":"GET /api/profile/user/45554222-652f-4eb5-b4e6-9ebc83a5371a","service":"backend","timestamp":"2026-01-28 19:19:04"}
{"level":"debug","message":"[getProfile] id=45554222-652f-4eb5-b4e6-9ebc83a5371a cacheKey=profile:45554222-652f-4eb5-b4e6-9ebc83a5371a","service":"backend","timestamp":"2026-01-28 19:19:04"}
{"level":"debug","message":"[getProfile] Returning profile for id=45554222-652f-4eb5-b4e6-9ebc83a5371a","service":"backend","timestamp":"2026-01-28 19:19:04"}
{"level":"info","message":"GET /api/service/e0816d39-3011-4cd1-a51c-bceca28a9d5c","service":"backend","timestamp":"2026-01-28 19:19:06"}
{"code":"PGRST200","details":"Searched for a foreign key relationship between 'services' and 'creator_id' in the schema 'public', but no matches were found.","hint":null,"level":"error","message":"Could not find a relationship between 'services' and 'creator_id' in the schema cache","service":"backend","timestamp":"2026-01-28 19:19:06"}
{"level":"error","message":"Could not find a relationship between 'services' and 'creator_id' in the schema cache","method":"GET","service":"backend","timestamp":"2026-01-28 19:19:06","url":"/api/service/e0816d39-3011-4cd1-a51c-bceca28a9d5c"}
{"level":"info","message":"GET /api/service/e0816d39-3011-4cd1-a51c-bceca28a9d5c","service":"backend","timestamp":"2026-01-28 19:19:07"}
{"code":"PGRST200","details":"Searched for a foreign key relationship between 'services' and 'creator_id' in the schema 'public', but no matches were found.","hint":null,"level":"error","message":"Could not find a relationship between 'services' and 'creator_id' in the schema cache","service":"backend","timestamp":"2026-01-28 19:19:08"}
{"level":"error","message":"Could not find a relationship between 'services' and 'creator_id' in the schema cache","method":"GET","service":"backend","timestamp":"2026-01-28 19:19:08","url":"/api/service/e0816d39-3011-4cd1-a51c-bceca28a9d5c"}
{"level":"info","message":"GET /api/service/e0816d39-3011-4cd1-a51c-bceca28a9d5c","service":"backend","timestamp":"2026-01-28 19:19:10"}
{"code":"PGRST200","details":"Searched for a foreign key relationship between 'services' and 'creator_id' in the schema 'public', but no matches were found.","hint":null,"level":"error","message":"Could not find a relationship between 'services' and 'creator_id' in the schema cache","service":"backend","timestamp":"2026-01-28 19:19:11"}
{"level":"error","message":"Could not find a relationship between 'services' and 'creator_id' in the schema cache","method":"GET","service":"backend","timestamp":"2026-01-28 19:19:11","url":"/api/service/e0816d39-3011-4cd1-a51c-bceca28a9d5c"}
{"level":"info","message":"SIGINT received. Shutting down gracefully...","service":"backend","timestamp":"2026-01-28 19:19:27"}
{"level":"info","message":"HTTP server closed.","service":"backend","timestamp":"2026-01-28 19:19:27"}
{"level":"info","message":"Redis client connected","service":"backend","timestamp":"2026-01-28 19:19:30"}
{"level":"info","message":"Redis client ready","service":"backend","timestamp":"2026-01-28 19:19:30"}
{"0":"R","1":"e","10":"l","11":"r","12":"e","13":"a","14":"d","15":"y","16":" ","17":"c","18":"o","19":"n","2":"d","20":"n","21":"e","22":"c","23":"t","24":"i","25":"n","26":"g","27":"/","28":"c","29":"o","3":"i","30":"n","31":"n","32":"e","33":"c","34":"t","35":"e","36":"d","4":"s","5":" ","6":"i","7":"s","8":" ","9":"a","level":"warn","message":"Redis connection failed, server starting without cache:","service":"backend","timestamp":"2026-01-28 19:19:30"}
{"level":"info","message":"Server running at http://0.0.0.0:3000","service":"backend","timestamp":"2026-01-28 19:19:30"}
{"level":"info","message":"Environment: development","service":"backend","timestamp":"2026-01-28 19:19:30"}
{"level":"info","message":"Redis connected: true","service":"backend","timestamp":"2026-01-28 19:19:30"}
{"level":"info","message":"GET /api/community/joined","service":"backend","timestamp":"2026-01-28 19:19:38"}
{"level":"info","message":"GET /api/community/posts/feed","service":"backend","timestamp":"2026-01-28 19:19:38"}
{"level":"info","message":"GET /api/community/discover","service":"backend","timestamp":"2026-01-28 19:19:38"}
{"level":"info","message":"GET /api/profile/user/45554222-652f-4eb5-b4e6-9ebc83a5371a","service":"backend","timestamp":"2026-01-28 19:19:40"}
{"level":"info","message":"GET /api/service/mine","service":"backend","timestamp":"2026-01-28 19:19:40"}
{"level":"debug","message":"[getProfile] id=45554222-652f-4eb5-b4e6-9ebc83a5371a cacheKey=profile:45554222-652f-4eb5-b4e6-9ebc83a5371a","service":"backend","timestamp":"2026-01-28 19:19:40"}
{"level":"debug","message":"[getProfile] Returning profile for id=45554222-652f-4eb5-b4e6-9ebc83a5371a","service":"backend","timestamp":"2026-01-28 19:19:40"}
{"level":"info","message":"GET /api/service/e0816d39-3011-4cd1-a51c-bceca28a9d5c","service":"backend","timestamp":"2026-01-28 19:19:42"}
{"code":"PGRST200","details":"Searched for a foreign key relationship between 'services' and 'creator_id' in the schema 'public', but no matches were found.","hint":null,"level":"error","message":"Could not find a relationship between 'services' and 'creator_id' in the schema cache","service":"backend","timestamp":"2026-01-28 19:19:42"}
{"level":"error","message":"Could not find a relationship between 'services' and 'creator_id' in the schema cache","method":"GET","service":"backend","timestamp":"2026-01-28 19:19:42","url":"/api/service/e0816d39-3011-4cd1-a51c-bceca28a9d5c"}
{"level":"info","message":"GET /api/service/e0816d39-3011-4cd1-a51c-bceca28a9d5c","service":"backend","timestamp":"2026-01-28 19:19:43"}
{"code":"PGRST200","details":"Searched for a foreign key relationship between 'services' and 'creator_id' in the schema 'public', but no matches were found.","hint":null,"level":"error","message":"Could not find a relationship between 'services' and 'creator_id' in the schema cache","service":"backend","timestamp":"2026-01-28 19:19:44"}
{"level":"error","message":"Could not find a relationship between 'services' and 'creator_id' in the schema cache","method":"GET","service":"backend","timestamp":"2026-01-28 19:19:44","url":"/api/service/e0816d39-3011-4cd1-a51c-bceca28a9d5c"}
{"level":"info","message":"GET /api/service/e0816d39-3011-4cd1-a51c-bceca28a9d5c","service":"backend","timestamp":"2026-01-28 19:19:46"}
{"code":"PGRST200","details":"Searched for a foreign key relationship between 'services' and 'creator_id' in the schema 'public', but no matches were found.","hint":null,"level":"error","message":"Could not find a relationship between 'services' and 'creator_id' in the schema cache","service":"backend","timestamp":"2026-01-28 19:19:47"}
{"level":"error","message":"Could not find a relationship between 'services' and 'creator_id' in the schema cache","method":"GET","service":"backend","timestamp":"2026-01-28 19:19:47","url":"/api/service/e0816d39-3011-4cd1-a51c-bceca28a9d5c"}
{"level":"info","message":"Redis client connected","service":"backend","timestamp":"2026-01-28 19:22:19"}
{"level":"info","message":"Redis client ready","service":"backend","timestamp":"2026-01-28 19:22:19"}
{"0":"R","1":"e","10":"l","11":"r","12":"e","13":"a","14":"d","15":"y","16":" ","17":"c","18":"o","19":"n","2":"d","20":"n","21":"e","22":"c","23":"t","24":"i","25":"n","26":"g","27":"/","28":"c","29":"o","3":"i","30":"n","31":"n","32":"e","33":"c","34":"t","35":"e","36":"d","4":"s","5":" ","6":"i","7":"s","8":" ","9":"a","level":"warn","message":"Redis connection failed, server starting without cache:","service":"backend","timestamp":"2026-01-28 19:22:19"}
{"level":"info","message":"Server running at http://0.0.0.0:3000","service":"backend","timestamp":"2026-01-28 19:22:19"}
{"level":"info","message":"Environment: development","service":"backend","timestamp":"2026-01-28 19:22:19"}
{"level":"info","message":"Redis connected: true","service":"backend","timestamp":"2026-01-28 19:22:19"}
{"level":"info","message":"GET /api/profile/user/45554222-652f-4eb5-b4e6-9ebc83a5371a","service":"backend","timestamp":"2026-01-28 19:23:33"}
{"level":"info","message":"GET /api/profile/user/45554222-652f-4eb5-b4e6-9ebc83a5371a","service":"backend","timestamp":"2026-01-28 19:23:33"}
{"level":"debug","message":"[getProfile] id=45554222-652f-4eb5-b4e6-9ebc83a5371a cacheKey=profile:45554222-652f-4eb5-b4e6-9ebc83a5371a","service":"backend","timestamp":"2026-01-28 19:23:33"}
{"level":"debug","message":"[getProfile] id=45554222-652f-4eb5-b4e6-9ebc83a5371a cacheKey=profile:45554222-652f-4eb5-b4e6-9ebc83a5371a","service":"backend","timestamp":"2026-01-28 19:23:33"}
{"level":"debug","message":"[getProfile] Cache miss -> fetching from Supabase for 45554222-652f-4eb5-b4e6-9ebc83a5371a","service":"backend","timestamp":"2026-01-28 19:23:33"}
{"level":"debug","message":"[getProfile] Cache miss -> fetching from Supabase for 45554222-652f-4eb5-b4e6-9ebc83a5371a","service":"backend","timestamp":"2026-01-28 19:23:33"}
{"level":"debug","message":"[getProfile] Supabase fetch success, will cache key: profile:45554222-652f-4eb5-b4e6-9ebc83a5371a","service":"backend","timestamp":"2026-01-28 19:23:34"}
{"level":"debug","message":"[getProfile] Supabase fetch success, will cache key: profile:45554222-652f-4eb5-b4e6-9ebc83a5371a","service":"backend","timestamp":"2026-01-28 19:23:34"}
{"level":"debug","message":"[getProfile] Returning profile for id=45554222-652f-4eb5-b4e6-9ebc83a5371a","service":"backend","timestamp":"2026-01-28 19:23:34"}
{"level":"debug","message":"[getProfile] Returning profile for id=45554222-652f-4eb5-b4e6-9ebc83a5371a","service":"backend","timestamp":"2026-01-28 19:23:34"}
{"level":"info","message":"GET /api/profile/user/45554222-652f-4eb5-b4e6-9ebc83a5371a","service":"backend","timestamp":"2026-01-28 19:23:35"}
{"level":"debug","message":"[getProfile] id=45554222-652f-4eb5-b4e6-9ebc83a5371a cacheKey=profile:45554222-652f-4eb5-b4e6-9ebc83a5371a","service":"backend","timestamp":"2026-01-28 19:23:35"}
{"level":"debug","message":"[getProfile] Returning profile for id=45554222-652f-4eb5-b4e6-9ebc83a5371a","service":"backend","timestamp":"2026-01-28 19:23:35"}
{"level":"info","message":"GET /api/profile/user/45554222-652f-4eb5-b4e6-9ebc83a5371a","service":"backend","timestamp":"2026-01-28 19:23:36"}
{"level":"debug","message":"[getProfile] id=45554222-652f-4eb5-b4e6-9ebc83a5371a cacheKey=profile:45554222-652f-4eb5-b4e6-9ebc83a5371a","service":"backend","timestamp":"2026-01-28 19:23:36"}
{"level":"debug","message":"[getProfile] Returning profile for id=45554222-652f-4eb5-b4e6-9ebc83a5371a","service":"backend","timestamp":"2026-01-28 19:23:36"}
{"level":"info","message":"GET /api/creator/stats/45554222-652f-4eb5-b4e6-9ebc83a5371a","service":"backend","timestamp":"2026-01-28 19:23:42"}
{"level":"debug","message":"[getCreatorStats] userId=45554222-652f-4eb5-b4e6-9ebc83a5371a cacheKey=creator_stats:45554222-652f-4eb5-b4e6-9ebc83a5371a","service":"backend","timestamp":"2026-01-28 19:23:43"}
{"level":"debug","message":"[getCreatorStats] Cache miss -> fetching from Supabase for 45554222-652f-4eb5-b4e6-9ebc83a5371a","service":"backend","timestamp":"2026-01-28 19:23:43"}
{"level":"debug","message":"[getCreatorStats] Supabase fetch success, will cache key: creator_stats:45554222-652f-4eb5-b4e6-9ebc83a5371a","service":"backend","timestamp":"2026-01-28 19:23:43"}
{"level":"debug","message":"[getCreatorStats] Returning stats for userId=45554222-652f-4eb5-b4e6-9ebc83a5371a","service":"backend","timestamp":"2026-01-28 19:23:43"}
{"level":"info","message":"GET /api/message","service":"backend","timestamp":"2026-01-28 19:23:44"}
{"level":"info","message":"GET /api/profile/user/45554222-652f-4eb5-b4e6-9ebc83a5371a","service":"backend","timestamp":"2026-01-28 19:23:44"}
{"level":"debug","message":"[getProfile] id=45554222-652f-4eb5-b4e6-9ebc83a5371a cacheKey=profile:45554222-652f-4eb5-b4e6-9ebc83a5371a","service":"backend","timestamp":"2026-01-28 19:23:44"}
{"level":"debug","message":"[getProfile] Returning profile for id=45554222-652f-4eb5-b4e6-9ebc83a5371a","service":"backend","timestamp":"2026-01-28 19:23:44"}
{"level":"info","message":"GET /api/service/e0816d39-3011-4cd1-a51c-bceca28a9d5c","service":"backend","timestamp":"2026-01-28 19:23:47"}
{"code":"PGRST200","details":"Searched for a foreign key relationship between 'services' and 'users' in the schema 'public', but no matches were found.","hint":"Perhaps you meant 'purchases' instead of 'users'.","level":"error","message":"Could not find a relationship between 'services' and 'users' in the schema cache","service":"backend","timestamp":"2026-01-28 19:23:47"}
{"level":"error","message":"Could not find a relationship between 'services' and 'users' in the schema cache","method":"GET","service":"backend","timestamp":"2026-01-28 19:23:47","url":"/api/service/e0816d39-3011-4cd1-a51c-bceca28a9d5c"}
{"level":"info","message":"GET /api/service/e0816d39-3011-4cd1-a51c-bceca28a9d5c","service":"backend","timestamp":"2026-01-28 19:23:48"}
{"code":"PGRST200","details":"Searched for a foreign key relationship between 'services' and 'users' in the schema 'public', but no matches were found.","hint":"Perhaps you meant 'purchases' instead of 'users'.","level":"error","message":"Could not find a relationship between 'services' and 'users' in the schema cache","service":"backend","timestamp":"2026-01-28 19:23:49"}
{"level":"error","message":"Could not find a relationship between 'services' and 'users' in the schema cache","method":"GET","service":"backend","timestamp":"2026-01-28 19:23:49","url":"/api/service/e0816d39-3011-4cd1-a51c-bceca28a9d5c"}
{"level":"info","message":"GET /api/service/e0816d39-3011-4cd1-a51c-bceca28a9d5c","service":"backend","timestamp":"2026-01-28 19:23:51"}
{"code":"PGRST200","details":"Searched for a foreign key relationship between 'services' and 'users' in the schema 'public', but no matches were found.","hint":"Perhaps you meant 'purchases' instead of 'users'.","level":"error","message":"Could not find a relationship between 'services' and 'users' in the schema cache","service":"backend","timestamp":"2026-01-28 19:23:51"}
{"level":"error","message":"Could not find a relationship between 'services' and 'users' in the schema cache","method":"GET","service":"backend","timestamp":"2026-01-28 19:23:51","url":"/api/service/e0816d39-3011-4cd1-a51c-bceca28a9d5c"}
{"level":"info","message":"Redis client connected","service":"backend","timestamp":"2026-01-28 19:24:52"}
{"level":"info","message":"Redis client ready","service":"backend","timestamp":"2026-01-28 19:24:52"}
{"0":"R","1":"e","10":"l","11":"r","12":"e","13":"a","14":"d","15":"y","16":" ","17":"c","18":"o","19":"n","2":"d","20":"n","21":"e","22":"c","23":"t","24":"i","25":"n","26":"g","27":"/","28":"c","29":"o","3":"i","30":"n","31":"n","32":"e","33":"c","34":"t","35":"e","36":"d","4":"s","5":" ","6":"i","7":"s","8":" ","9":"a","level":"warn","message":"Redis connection failed, server starting without cache:","service":"backend","timestamp":"2026-01-28 19:24:52"}
{"level":"info","message":"Server running at http://0.0.0.0:3000","service":"backend","timestamp":"2026-01-28 19:24:52"}
{"level":"info","message":"Environment: development","service":"backend","timestamp":"2026-01-28 19:24:52"}
{"level":"info","message":"Redis connected: true","service":"backend","timestamp":"2026-01-28 19:24:52"}
{"level":"info","message":"Redis client connected","service":"backend","timestamp":"2026-01-28 19:25:08"}
{"level":"info","message":"Redis client ready","service":"backend","timestamp":"2026-01-28 19:25:08"}
{"0":"R","1":"e","10":"l","11":"r","12":"e","13":"a","14":"d","15":"y","16":" ","17":"c","18":"o","19":"n","2":"d","20":"n","21":"e","22":"c","23":"t","24":"i","25":"n","26":"g","27":"/","28":"c","29":"o","3":"i","30":"n","31":"n","32":"e","33":"c","34":"t","35":"e","36":"d","4":"s","5":" ","6":"i","7":"s","8":" ","9":"a","level":"warn","message":"Redis connection failed, server starting without cache:","service":"backend","timestamp":"2026-01-28 19:25:08"}
{"level":"info","message":"Server running at http://0.0.0.0:3000","service":"backend","timestamp":"2026-01-28 19:25:08"}
{"level":"info","message":"Environment: development","service":"backend","timestamp":"2026-01-28 19:25:08"}
{"level":"info","message":"Redis connected: true","service":"backend","timestamp":"2026-01-28 19:25:08"}
{"level":"info","message":"Redis client connected","service":"backend","timestamp":"2026-01-28 19:26:28"}
{"level":"info","message":"Redis client ready","service":"backend","timestamp":"2026-01-28 19:26:28"}
{"0":"R","1":"e","10":"l","11":"r","12":"e","13":"a","14":"d","15":"y","16":" ","17":"c","18":"o","19":"n","2":"d","20":"n","21":"e","22":"c","23":"t","24":"i","25":"n","26":"g","27":"/","28":"c","29":"o","3":"i","30":"n","31":"n","32":"e","33":"c","34":"t","35":"e","36":"d","4":"s","5":" ","6":"i","7":"s","8":" ","9":"a","level":"warn","message":"Redis connection failed, server starting without cache:","service":"backend","timestamp":"2026-01-28 19:26:28"}
{"level":"info","message":"Server running at http://0.0.0.0:3000","service":"backend","timestamp":"2026-01-28 19:26:28"}
{"level":"info","message":"Environment: development","service":"backend","timestamp":"2026-01-28 19:26:28"}
{"level":"info","message":"Redis connected: true","service":"backend","timestamp":"2026-01-28 19:26:28"}
{"level":"info","message":"Redis client connected","service":"backend","timestamp":"2026-01-28 19:27:05"}
{"level":"info","message":"Redis client ready","service":"backend","timestamp":"2026-01-28 19:27:05"}
{"0":"R","1":"e","10":"l","11":"r","12":"e","13":"a","14":"d","15":"y","16":" ","17":"c","18":"o","19":"n","2":"d","20":"n","21":"e","22":"c","23":"t","24":"i","25":"n","26":"g","27":"/","28":"c","29":"o","3":"i","30":"n","31":"n","32":"e","33":"c","34":"t","35":"e","36":"d","4":"s","5":" ","6":"i","7":"s","8":" ","9":"a","level":"warn","message":"Redis connection failed, server starting without cache:","service":"backend","timestamp":"2026-01-28 19:27:05"}
{"level":"info","message":"Server running at http://0.0.0.0:3000","service":"backend","timestamp":"2026-01-28 19:27:05"}
{"level":"info","message":"Environment: development","service":"backend","timestamp":"2026-01-28 19:27:05"}
{"level":"info","message":"Redis connected: true","service":"backend","timestamp":"2026-01-28 19:27:05"}
{"level":"info","message":"Redis client connected","service":"backend","timestamp":"2026-01-28 19:27:21"}
{"level":"info","message":"Redis client ready","service":"backend","timestamp":"2026-01-28 19:27:21"}
{"0":"R","1":"e","10":"l","11":"r","12":"e","13":"a","14":"d","15":"y","16":" ","17":"c","18":"o","19":"n","2":"d","20":"n","21":"e","22":"c","23":"t","24":"i","25":"n","26":"g","27":"/","28":"c","29":"o","3":"i","30":"n","31":"n","32":"e","33":"c","34":"t","35":"e","36":"d","4":"s","5":" ","6":"i","7":"s","8":" ","9":"a","level":"warn","message":"Redis connection failed, server starting without cache:","service":"backend","timestamp":"2026-01-28 19:27:21"}
{"level":"info","message":"Server running at http://0.0.0.0:3000","service":"backend","timestamp":"2026-01-28 19:27:21"}
{"level":"info","message":"Environment: development","service":"backend","timestamp":"2026-01-28 19:27:21"}
{"level":"info","message":"Redis connected: true","service":"backend","timestamp":"2026-01-28 19:27:21"}
{"level":"info","message":"Redis client connected","service":"backend","timestamp":"2026-01-28 19:27:53"}
{"level":"info","message":"Redis client ready","service":"backend","timestamp":"2026-01-28 19:27:53"}
{"0":"R","1":"e","10":"l","11":"r","12":"e","13":"a","14":"d","15":"y","16":" ","17":"c","18":"o","19":"n","2":"d","20":"n","21":"e","22":"c","23":"t","24":"i","25":"n","26":"g","27":"/","28":"c","29":"o","3":"i","30":"n","31":"n","32":"e","33":"c","34":"t","35":"e","36":"d","4":"s","5":" ","6":"i","7":"s","8":" ","9":"a","level":"warn","message":"Redis connection failed, server starting without cache:","service":"backend","timestamp":"2026-01-28 19:27:53"}
{"level":"info","message":"Server running at http://0.0.0.0:3000","service":"backend","timestamp":"2026-01-28 19:27:53"}
{"level":"info","message":"Environment: development","service":"backend","timestamp":"2026-01-28 19:27:53"}
{"level":"info","message":"Redis connected: true","service":"backend","timestamp":"2026-01-28 19:27:53"}
{"level":"info","message":"Redis client connected","service":"backend","timestamp":"2026-01-28 19:28:14"}
{"level":"info","message":"Redis client ready","service":"backend","timestamp":"2026-01-28 19:28:14"}
{"0":"R","1":"e","10":"l","11":"r","12":"e","13":"a","14":"d","15":"y","16":" ","17":"c","18":"o","19":"n","2":"d","20":"n","21":"e","22":"c","23":"t","24":"i","25":"n","26":"g","27":"/","28":"c","29":"o","3":"i","30":"n","31":"n","32":"e","33":"c","34":"t","35":"e","36":"d","4":"s","5":" ","6":"i","7":"s","8":" ","9":"a","level":"warn","message":"Redis connection failed, server starting without cache:","service":"backend","timestamp":"2026-01-28 19:28:14"}
{"level":"info","message":"Server running at http://0.0.0.0:3000","service":"backend","timestamp":"2026-01-28 19:28:14"}
{"level":"info","message":"Environment: development","service":"backend","timestamp":"2026-01-28 19:28:14"}
{"level":"info","message":"Redis connected: true","service":"backend","timestamp":"2026-01-28 19:28:14"}
{"level":"info","message":"Redis client connected","service":"backend","timestamp":"2026-01-28 19:28:20"}
{"level":"info","message":"Redis client ready","service":"backend","timestamp":"2026-01-28 19:28:20"}
{"0":"R","1":"e","10":"l","11":"r","12":"e","13":"a","14":"d","15":"y","16":" ","17":"c","18":"o","19":"n","2":"d","20":"n","21":"e","22":"c","23":"t","24":"i","25":"n","26":"g","27":"/","28":"c","29":"o","3":"i","30":"n","31":"n","32":"e","33":"c","34":"t","35":"e","36":"d","4":"s","5":" ","6":"i","7":"s","8":" ","9":"a","level":"warn","message":"Redis connection failed, server starting without cache:","service":"backend","timestamp":"2026-01-28 19:28:20"}
{"level":"info","message":"Server running at http://0.0.0.0:3000","service":"backend","timestamp":"2026-01-28 19:28:20"}
{"level":"info","message":"Environment: development","service":"backend","timestamp":"2026-01-28 19:28:20"}
{"level":"info","message":"Redis connected: true","service":"backend","timestamp":"2026-01-28 19:28:20"}
{"level":"info","message":"GET /api/creator/stats/45554222-652f-4eb5-b4e6-9ebc83a5371a","service":"backend","timestamp":"2026-01-28 19:34:21"}
{"level":"info","message":"GET /api/community/joined","service":"backend","timestamp":"2026-01-28 19:34:21"}
{"level":"info","message":"GET /api/profile/user/45554222-652f-4eb5-b4e6-9ebc83a5371a","service":"backend","timestamp":"2026-01-28 19:34:21"}
{"level":"info","message":"GET /api/community/discover","service":"backend","timestamp":"2026-01-28 19:34:21"}
{"level":"info","message":"GET /api/community/posts/feed","service":"backend","timestamp":"2026-01-28 19:34:21"}
{"level":"debug","message":"[getProfile] id=45554222-652f-4eb5-b4e6-9ebc83a5371a cacheKey=profile:45554222-652f-4eb5-b4e6-9ebc83a5371a","service":"backend","timestamp":"2026-01-28 19:34:21"}
{"level":"debug","message":"[getCreatorStats] userId=45554222-652f-4eb5-b4e6-9ebc83a5371a cacheKey=creator_stats:45554222-652f-4eb5-b4e6-9ebc83a5371a","service":"backend","timestamp":"2026-01-28 19:34:21"}
{"level":"debug","message":"[getCreatorStats] Cache miss -> fetching from Supabase for 45554222-652f-4eb5-b4e6-9ebc83a5371a","service":"backend","timestamp":"2026-01-28 19:34:21"}
{"level":"debug","message":"[getProfile] Returning profile for id=45554222-652f-4eb5-b4e6-9ebc83a5371a","service":"backend","timestamp":"2026-01-28 19:34:21"}
{"level":"debug","message":"[getCreatorStats] Supabase fetch success, will cache key: creator_stats:45554222-652f-4eb5-b4e6-9ebc83a5371a","service":"backend","timestamp":"2026-01-28 19:34:22"}
{"level":"debug","message":"[getCreatorStats] Returning stats for userId=45554222-652f-4eb5-b4e6-9ebc83a5371a","service":"backend","timestamp":"2026-01-28 19:34:22"}
{"level":"info","message":"GET /api/service/mine","service":"backend","timestamp":"2026-01-28 19:34:23"}
{"level":"info","message":"GET /api/service/e0816d39-3011-4cd1-a51c-bceca28a9d5c","service":"backend","timestamp":"2026-01-28 19:34:24"}
{"level":"info","message":"POST /api/service/modules/32aae883-d25c-4a75-a031-a7f7b57fb6db/lessons","service":"backend","timestamp":"2026-01-28 19:34:43"}
{"level":"info","message":"GET /api/service/e0816d39-3011-4cd1-a51c-bceca28a9d5c","service":"backend","timestamp":"2026-01-28 19:34:44"}
{"level":"info","message":"GET /api/service/e0816d39-3011-4cd1-a51c-bceca28a9d5c","service":"backend","timestamp":"2026-01-28 19:34:44"}
{"level":"info","message":"POST /api/service/e0816d39-3011-4cd1-a51c-bceca28a9d5c/publish","service":"backend","timestamp":"2026-01-28 19:34:54"}
{"level":"info","message":"GET /api/service/mine","service":"backend","timestamp":"2026-01-28 19:34:54"}
{"level":"info","message":"GET /api/service/e0816d39-3011-4cd1-a51c-bceca28a9d5c","service":"backend","timestamp":"2026-01-28 19:34:54"}
{"level":"info","message":"GET /api/service/e0816d39-3011-4cd1-a51c-bceca28a9d5c","service":"backend","timestamp":"2026-01-28 19:34:54"}
{"level":"info","message":"GET /api/service/mine","service":"backend","timestamp":"2026-01-28 19:34:55"}
{"level":"info","message":"GET /api/service/e0816d39-3011-4cd1-a51c-bceca28a9d5c","service":"backend","timestamp":"2026-01-28 19:34:55"}
{"level":"info","message":"POST /api/service/e0816d39-3011-4cd1-a51c-bceca28a9d5c/unpublish","service":"backend","timestamp":"2026-01-28 19:35:03"}
{"level":"info","message":"GET /api/service/mine","service":"backend","timestamp":"2026-01-28 19:35:04"}
{"level":"info","message":"GET /api/service/e0816d39-3011-4cd1-a51c-bceca28a9d5c","service":"backend","timestamp":"2026-01-28 19:35:04"}
{"level":"info","message":"GET /api/service/e0816d39-3011-4cd1-a51c-bceca28a9d5c","service":"backend","timestamp":"2026-01-28 19:35:04"}
{"level":"info","message":"GET /api/service/c31d4cee-f0a4-4077-940a-65c12694a38e","service":"backend","timestamp":"2026-01-28 19:35:16"}
{"level":"info","message":"DELETE /api/service/c31d4cee-f0a4-4077-940a-65c12694a38e","service":"backend","timestamp":"2026-01-28 19:35:20"}
{"level":"info","message":"GET /api/service/mine","service":"backend","timestamp":"2026-01-28 19:35:20"}
{"level":"info","message":"GET /api/service/mine","service":"backend","timestamp":"2026-01-28 19:35:21"}
{"level":"info","message":"GET /api/service/e0816d39-3011-4cd1-a51c-bceca28a9d5c","service":"backend","timestamp":"2026-01-28 19:35:30"}
{"level":"info","message":"GET /api/profile/user/45554222-652f-4eb5-b4e6-9ebc83a5371a","service":"backend","timestamp":"2026-01-28 19:36:22"}
{"level":"debug","message":"[getProfile] id=45554222-652f-4eb5-b4e6-9ebc83a5371a cacheKey=profile:45554222-652f-4eb5-b4e6-9ebc83a5371a","service":"backend","timestamp":"2026-01-28 19:36:22"}
{"level":"debug","message":"[getProfile] Returning profile for id=45554222-652f-4eb5-b4e6-9ebc83a5371a","service":"backend","timestamp":"2026-01-28 19:36:22"}
{"level":"info","message":"POST /api/service/e0816d39-3011-4cd1-a51c-bceca28a9d5c/modules","service":"backend","timestamp":"2026-01-28 19:37:56"}
{"level":"info","message":"GET /api/service/e0816d39-3011-4cd1-a51c-bceca28a9d5c","service":"backend","timestamp":"2026-01-28 19:37:58"}
{"level":"info","message":"GET /api/service/e0816d39-3011-4cd1-a51c-bceca28a9d5c","service":"backend","timestamp":"2026-01-28 19:37:58"}
{"level":"info","message":"GET /api/profile/user/45554222-652f-4eb5-b4e6-9ebc83a5371a","service":"backend","timestamp":"2026-01-28 19:38:22"}
{"level":"debug","message":"[getProfile] id=45554222-652f-4eb5-b4e6-9ebc83a5371a cacheKey=profile:45554222-652f-4eb5-b4e6-9ebc83a5371a","service":"backend","timestamp":"2026-01-28 19:38:22"}
{"level":"debug","message":"[getProfile] Returning profile for id=45554222-652f-4eb5-b4e6-9ebc83a5371a","service":"backend","timestamp":"2026-01-28 19:38:22"}
{"level":"info","message":"GET /api/profile/user/45554222-652f-4eb5-b4e6-9ebc83a5371a","service":"backend","timestamp":"2026-01-28 19:40:22"}
{"level":"debug","message":"[getProfile] id=45554222-652f-4eb5-b4e6-9ebc83a5371a cacheKey=profile:45554222-652f-4eb5-b4e6-9ebc83a5371a","service":"backend","timestamp":"2026-01-28 19:40:23"}
{"level":"debug","message":"[getProfile] Returning profile for id=45554222-652f-4eb5-b4e6-9ebc83a5371a","service":"backend","timestamp":"2026-01-28 19:40:23"}
{"level":"info","message":"GET /api/profile/user/45554222-652f-4eb5-b4e6-9ebc83a5371a","service":"backend","timestamp":"2026-01-28 19:42:23"}
{"level":"debug","message":"[getProfile] id=45554222-652f-4eb5-b4e6-9ebc83a5371a cacheKey=profile:45554222-652f-4eb5-b4e6-9ebc83a5371a","service":"backend","timestamp":"2026-01-28 19:42:23"}
{"level":"debug","message":"[getProfile] Returning profile for id=45554222-652f-4eb5-b4e6-9ebc83a5371a","service":"backend","timestamp":"2026-01-28 19:42:23"}
{"level":"info","message":"GET /api/profile/user/45554222-652f-4eb5-b4e6-9ebc83a5371a","service":"backend","timestamp":"2026-01-28 19:42:32"}
{"level":"debug","message":"[getProfile] id=45554222-652f-4eb5-b4e6-9ebc83a5371a cacheKey=profile:45554222-652f-4eb5-b4e6-9ebc83a5371a","service":"backend","timestamp":"2026-01-28 19:42:32"}
{"level":"debug","message":"[getProfile] Returning profile for id=45554222-652f-4eb5-b4e6-9ebc83a5371a","service":"backend","timestamp":"2026-01-28 19:42:32"}
{"level":"info","message":"GET /api/community/joined","service":"backend","timestamp":"2026-01-28 19:46:32"}
{"level":"info","message":"GET /api/community/posts/feed","service":"backend","timestamp":"2026-01-28 19:46:32"}
{"level":"info","message":"GET /api/community/discover","service":"backend","timestamp":"2026-01-28 19:46:32"}
{"level":"info","message":"GET /api/creator/stats/45554222-652f-4eb5-b4e6-9ebc83a5371a","service":"backend","timestamp":"2026-01-28 19:46:32"}
{"level":"debug","message":"[getCreatorStats] userId=45554222-652f-4eb5-b4e6-9ebc83a5371a cacheKey=creator_stats:45554222-652f-4eb5-b4e6-9ebc83a5371a","service":"backend","timestamp":"2026-01-28 19:46:33"}
{"level":"debug","message":"[getCreatorStats] Cache miss -> fetching from Supabase for 45554222-652f-4eb5-b4e6-9ebc83a5371a","service":"backend","timestamp":"2026-01-28 19:46:33"}
{"level":"debug","message":"[getCreatorStats] Supabase fetch success, will cache key: creator_stats:45554222-652f-4eb5-b4e6-9ebc83a5371a","service":"backend","timestamp":"2026-01-28 19:46:33"}
{"level":"debug","message":"[getCreatorStats] Returning stats for userId=45554222-652f-4eb5-b4e6-9ebc83a5371a","service":"backend","timestamp":"2026-01-28 19:46:33"}
{"level":"info","message":"GET /api/profile/user/45554222-652f-4eb5-b4e6-9ebc83a5371a","service":"backend","timestamp":"2026-01-28 19:46:34"}
{"level":"info","message":"GET /api/service/mine","service":"backend","timestamp":"2026-01-28 19:46:34"}
{"level":"debug","message":"[getProfile] id=45554222-652f-4eb5-b4e6-9ebc83a5371a cacheKey=profile:45554222-652f-4eb5-b4e6-9ebc83a5371a","service":"backend","timestamp":"2026-01-28 19:46:34"}
{"level":"debug","message":"[getProfile] Returning profile for id=45554222-652f-4eb5-b4e6-9ebc83a5371a","service":"backend","timestamp":"2026-01-28 19:46:34"}
{"level":"info","message":"GET /api/service/e0816d39-3011-4cd1-a51c-bceca28a9d5c","service":"backend","timestamp":"2026-01-28 19:46:36"}
{"level":"info","message":"PUT /api/service/modules/32aae883-d25c-4a75-a031-a7f7b57fb6db","service":"backend","timestamp":"2026-01-28 19:46:44"}
{"level":"info","message":"GET /api/service/e0816d39-3011-4cd1-a51c-bceca28a9d5c","service":"backend","timestamp":"2026-01-28 19:46:45"}
{"level":"info","message":"GET /api/service/e0816d39-3011-4cd1-a51c-bceca28a9d5c","service":"backend","timestamp":"2026-01-28 19:46:45"}
{"level":"info","message":"POST /api/service/e0816d39-3011-4cd1-a51c-bceca28a9d5c/publish","service":"backend","timestamp":"2026-01-28 19:46:59"}
{"level":"info","message":"GET /api/service/mine","service":"backend","timestamp":"2026-01-28 19:47:00"}
{"level":"info","message":"GET /api/service/e0816d39-3011-4cd1-a51c-bceca28a9d5c","service":"backend","timestamp":"2026-01-28 19:47:00"}
{"level":"info","message":"GET /api/service/mine","service":"backend","timestamp":"2026-01-28 19:47:00"}
{"level":"info","message":"GET /api/service/e0816d39-3011-4cd1-a51c-bceca28a9d5c","service":"backend","timestamp":"2026-01-28 19:47:00"}
{"level":"info","message":"GET /api/service/e0816d39-3011-4cd1-a51c-bceca28a9d5c","service":"backend","timestamp":"2026-01-28 19:47:00"}
{"level":"info","message":"POST /api/service/e0816d39-3011-4cd1-a51c-bceca28a9d5c/unpublish","service":"backend","timestamp":"2026-01-28 19:47:09"}
{"level":"info","message":"GET /api/service/mine","service":"backend","timestamp":"2026-01-28 19:47:10"}
{"level":"info","message":"GET /api/service/e0816d39-3011-4cd1-a51c-bceca28a9d5c","service":"backend","timestamp":"2026-01-28 19:47:10"}
{"level":"info","message":"GET /api/service/e0816d39-3011-4cd1-a51c-bceca28a9d5c","service":"backend","timestamp":"2026-01-28 19:47:10"}
{"level":"info","message":"GET /api/profile/user/45554222-652f-4eb5-b4e6-9ebc83a5371a","service":"backend","timestamp":"2026-01-28 19:56:06"}
{"level":"debug","message":"[getProfile] id=45554222-652f-4eb5-b4e6-9ebc83a5371a cacheKey=profile:45554222-652f-4eb5-b4e6-9ebc83a5371a","service":"backend","timestamp":"2026-01-28 19:56:07"}
{"level":"debug","message":"[getProfile] Returning profile for id=45554222-652f-4eb5-b4e6-9ebc83a5371a","service":"backend","timestamp":"2026-01-28 19:56:07"}
{"level":"info","message":"GET /api/profile/user/45554222-652f-4eb5-b4e6-9ebc83a5371a","service":"backend","timestamp":"2026-01-28 19:56:08"}
{"level":"debug","message":"[getProfile] id=45554222-652f-4eb5-b4e6-9ebc83a5371a cacheKey=profile:45554222-652f-4eb5-b4e6-9ebc83a5371a","service":"backend","timestamp":"2026-01-28 19:56:08"}
{"level":"debug","message":"[getProfile] Returning profile for id=45554222-652f-4eb5-b4e6-9ebc83a5371a","service":"backend","timestamp":"2026-01-28 19:56:08"}
{"level":"info","message":"GET /api/follow/followers/45554222-652f-4eb5-b4e6-9ebc83a5371a","service":"backend","timestamp":"2026-01-28 19:56:16"}
{"level":"info","message":"GET /api/follow/following/45554222-652f-4eb5-b4e6-9ebc83a5371a","service":"backend","timestamp":"2026-01-28 19:56:16"}
{"level":"info","message":"GET /api/community/discover","service":"backend","timestamp":"2026-01-28 19:56:24"}
{"level":"info","message":"GET /api/community/joined","service":"backend","timestamp":"2026-01-28 19:56:24"}
{"level":"info","message":"GET /api/creator/stats/45554222-652f-4eb5-b4e6-9ebc83a5371a","service":"backend","timestamp":"2026-01-28 19:56:24"}
{"level":"info","message":"GET /api/community/posts/feed","service":"backend","timestamp":"2026-01-28 19:56:24"}
{"level":"debug","message":"[getCreatorStats] userId=45554222-652f-4eb5-b4e6-9ebc83a5371a cacheKey=creator_stats:45554222-652f-4eb5-b4e6-9ebc83a5371a","service":"backend","timestamp":"2026-01-28 19:56:24"}
{"level":"debug","message":"[getCreatorStats] Cache miss -> fetching from Supabase for 45554222-652f-4eb5-b4e6-9ebc83a5371a","service":"backend","timestamp":"2026-01-28 19:56:24"}
{"level":"debug","message":"[getCreatorStats] Supabase fetch success, will cache key: creator_stats:45554222-652f-4eb5-b4e6-9ebc83a5371a","service":"backend","timestamp":"2026-01-28 19:56:25"}
{"level":"debug","message":"[getCreatorStats] Returning stats for userId=45554222-652f-4eb5-b4e6-9ebc83a5371a","service":"backend","timestamp":"2026-01-28 19:56:25"}
{"level":"info","message":"GET /api/profile/user/45554222-652f-4eb5-b4e6-9ebc83a5371a","service":"backend","timestamp":"2026-01-28 19:56:26"}
{"level":"debug","message":"[getProfile] id=45554222-652f-4eb5-b4e6-9ebc83a5371a cacheKey=profile:45554222-652f-4eb5-b4e6-9ebc83a5371a","service":"backend","timestamp":"2026-01-28 19:56:27"}
{"level":"debug","message":"[getProfile] Returning profile for id=45554222-652f-4eb5-b4e6-9ebc83a5371a","service":"backend","timestamp":"2026-01-28 19:56:27"}
{"level":"info","message":"GET /api/profile/user/45554222-652f-4eb5-b4e6-9ebc83a5371a","service":"backend","timestamp":"2026-01-28 19:56:55"}
{"level":"debug","message":"[getProfile] id=45554222-652f-4eb5-b4e6-9ebc83a5371a cacheKey=profile:45554222-652f-4eb5-b4e6-9ebc83a5371a","service":"backend","timestamp":"2026-01-28 19:56:55"}
{"level":"debug","message":"[getProfile] Returning profile for id=45554222-652f-4eb5-b4e6-9ebc83a5371a","service":"backend","timestamp":"2026-01-28 19:56:55"}
{"level":"info","message":"GET /api/profile/user/45554222-652f-4eb5-b4e6-9ebc83a5371a","service":"backend","timestamp":"2026-01-28 19:57:38"}
{"level":"debug","message":"[getProfile] id=45554222-652f-4eb5-b4e6-9ebc83a5371a cacheKey=profile:45554222-652f-4eb5-b4e6-9ebc83a5371a","service":"backend","timestamp":"2026-01-28 19:57:38"}
{"level":"debug","message":"[getProfile] Returning profile for id=45554222-652f-4eb5-b4e6-9ebc83a5371a","service":"backend","timestamp":"2026-01-28 19:57:38"}
{"level":"info","message":"GET /api/profile/user/45554222-652f-4eb5-b4e6-9ebc83a5371a","service":"backend","timestamp":"2026-01-28 19:57:39"}
{"level":"debug","message":"[getProfile] id=45554222-652f-4eb5-b4e6-9ebc83a5371a cacheKey=profile:45554222-652f-4eb5-b4e6-9ebc83a5371a","service":"backend","timestamp":"2026-01-28 19:57:39"}
{"level":"debug","message":"[getProfile] Returning profile for id=45554222-652f-4eb5-b4e6-9ebc83a5371a","service":"backend","timestamp":"2026-01-28 19:57:39"}
{"level":"info","message":"Redis client connected","service":"backend","timestamp":"2026-01-28 20:06:25"}
{"level":"info","message":"Redis client ready","service":"backend","timestamp":"2026-01-28 20:06:25"}
{"0":"R","1":"e","10":"l","11":"r","12":"e","13":"a","14":"d","15":"y","16":" ","17":"c","18":"o","19":"n","2":"d","20":"n","21":"e","22":"c","23":"t","24":"i","25":"n","26":"g","27":"/","28":"c","29":"o","3":"i","30":"n","31":"n","32":"e","33":"c","34":"t","35":"e","36":"d","4":"s","5":" ","6":"i","7":"s","8":" ","9":"a","level":"warn","message":"Redis connection failed, server starting without cache:","service":"backend","timestamp":"2026-01-28 20:06:25"}
{"level":"info","message":"Server running at http://0.0.0.0:3000","service":"backend","timestamp":"2026-01-28 20:06:25"}
{"level":"info","message":"Environment: development","service":"backend","timestamp":"2026-01-28 20:06:25"}
{"level":"info","message":"Redis connected: true","service":"backend","timestamp":"2026-01-28 20:06:25"}
{"level":"info","message":"Redis client connected","service":"backend","timestamp":"2026-01-28 20:06:43"}
{"level":"info","message":"Redis client ready","service":"backend","timestamp":"2026-01-28 20:06:43"}
{"0":"R","1":"e","10":"l","11":"r","12":"e","13":"a","14":"d","15":"y","16":" ","17":"c","18":"o","19":"n","2":"d","20":"n","21":"e","22":"c","23":"t","24":"i","25":"n","26":"g","27":"/","28":"c","29":"o","3":"i","30":"n","31":"n","32":"e","33":"c","34":"t","35":"e","36":"d","4":"s","5":" ","6":"i","7":"s","8":" ","9":"a","level":"warn","message":"Redis connection failed, server starting without cache:","service":"backend","timestamp":"2026-01-28 20:06:43"}
{"level":"info","message":"Server running at http://0.0.0.0:3000","service":"backend","timestamp":"2026-01-28 20:06:43"}
{"level":"info","message":"Environment: development","service":"backend","timestamp":"2026-01-28 20:06:43"}
{"level":"info","message":"Redis connected: true","service":"backend","timestamp":"2026-01-28 20:06:43"}
{"level":"info","message":"Redis client connected","service":"backend","timestamp":"2026-01-28 20:06:53"}
{"level":"info","message":"Redis client ready","service":"backend","timestamp":"2026-01-28 20:06:53"}
{"0":"R","1":"e","10":"l","11":"r","12":"e","13":"a","14":"d","15":"y","16":" ","17":"c","18":"o","19":"n","2":"d","20":"n","21":"e","22":"c","23":"t","24":"i","25":"n","26":"g","27":"/","28":"c","29":"o","3":"i","30":"n","31":"n","32":"e","33":"c","34":"t","35":"e","36":"d","4":"s","5":" ","6":"i","7":"s","8":" ","9":"a","level":"warn","message":"Redis connection failed, server starting without cache:","service":"backend","timestamp":"2026-01-28 20:06:53"}
{"level":"info","message":"Server running at http://0.0.0.0:3000","service":"backend","timestamp":"2026-01-28 20:06:53"}
{"level":"info","message":"Environment: development","service":"backend","timestamp":"2026-01-28 20:06:53"}
{"level":"info","message":"Redis connected: true","service":"backend","timestamp":"2026-01-28 20:06:53"}
{"level":"info","message":"Redis client connected","service":"backend","timestamp":"2026-01-28 20:08:44"}
{"level":"info","message":"Redis client ready","service":"backend","timestamp":"2026-01-28 20:08:44"}
{"0":"R","1":"e","10":"l","11":"r","12":"e","13":"a","14":"d","15":"y","16":" ","17":"c","18":"o","19":"n","2":"d","20":"n","21":"e","22":"c","23":"t","24":"i","25":"n","26":"g","27":"/","28":"c","29":"o","3":"i","30":"n","31":"n","32":"e","33":"c","34":"t","35":"e","36":"d","4":"s","5":" ","6":"i","7":"s","8":" ","9":"a","level":"warn","message":"Redis connection failed, server starting without cache:","service":"backend","timestamp":"2026-01-28 20:08:44"}
{"level":"info","message":"Server running at http://0.0.0.0:3000","service":"backend","timestamp":"2026-01-28 20:08:44"}
{"level":"info","message":"Environment: development","service":"backend","timestamp":"2026-01-28 20:08:44"}
{"level":"info","message":"Redis connected: true","service":"backend","timestamp":"2026-01-28 20:08:44"}
{"level":"info","message":"Redis client connected","service":"backend","timestamp":"2026-01-28 20:08:58"}
{"level":"info","message":"Redis client ready","service":"backend","timestamp":"2026-01-28 20:08:58"}
{"0":"R","1":"e","10":"l","11":"r","12":"e","13":"a","14":"d","15":"y","16":" ","17":"c","18":"o","19":"n","2":"d","20":"n","21":"e","22":"c","23":"t","24":"i","25":"n","26":"g","27":"/","28":"c","29":"o","3":"i","30":"n","31":"n","32":"e","33":"c","34":"t","35":"e","36":"d","4":"s","5":" ","6":"i","7":"s","8":" ","9":"a","level":"warn","message":"Redis connection failed, server starting without cache:","service":"backend","timestamp":"2026-01-28 20:08:58"}
{"level":"info","message":"Server running at http://0.0.0.0:3000","service":"backend","timestamp":"2026-01-28 20:08:58"}
{"level":"info","message":"Environment: development","service":"backend","timestamp":"2026-01-28 20:08:58"}
{"level":"info","message":"Redis connected: true","service":"backend","timestamp":"2026-01-28 20:08:58"}
{"level":"info","message":"GET /api/community/discover","service":"backend","timestamp":"2026-01-28 20:10:28"}
{"level":"info","message":"GET /api/community/joined","service":"backend","timestamp":"2026-01-28 20:10:28"}
{"level":"info","message":"GET /api/profile/user/45554222-652f-4eb5-b4e6-9ebc83a5371a","service":"backend","timestamp":"2026-01-28 20:10:28"}
{"level":"info","message":"GET /api/community/posts/feed","service":"backend","timestamp":"2026-01-28 20:10:28"}
{"level":"info","message":"GET /api/creator/stats/45554222-652f-4eb5-b4e6-9ebc83a5371a","service":"backend","timestamp":"2026-01-28 20:10:28"}
{"level":"debug","message":"[getProfile] id=45554222-652f-4eb5-b4e6-9ebc83a5371a cacheKey=profile:45554222-652f-4eb5-b4e6-9ebc83a5371a","service":"backend","timestamp":"2026-01-28 20:10:28"}
{"level":"debug","message":"[getCreatorStats] userId=45554222-652f-4eb5-b4e6-9ebc83a5371a cacheKey=creator_stats:45554222-652f-4eb5-b4e6-9ebc83a5371a","service":"backend","timestamp":"2026-01-28 20:10:28"}
{"level":"debug","message":"[getCreatorStats] Cache miss -> fetching from Supabase for 45554222-652f-4eb5-b4e6-9ebc83a5371a","service":"backend","timestamp":"2026-01-28 20:10:28"}
{"level":"debug","message":"[getProfile] Returning profile for id=45554222-652f-4eb5-b4e6-9ebc83a5371a","service":"backend","timestamp":"2026-01-28 20:10:28"}
{"level":"debug","message":"[getCreatorStats] Supabase fetch success, will cache key: creator_stats:45554222-652f-4eb5-b4e6-9ebc83a5371a","service":"backend","timestamp":"2026-01-28 20:10:29"}
{"level":"debug","message":"[getCreatorStats] Returning stats for userId=45554222-652f-4eb5-b4e6-9ebc83a5371a","service":"backend","timestamp":"2026-01-28 20:10:29"}
{"level":"info","message":"GET /api/follow/followers/45554222-652f-4eb5-b4e6-9ebc83a5371a","service":"backend","timestamp":"2026-01-28 20:10:29"}
{"level":"info","message":"GET /api/follow/following/45554222-652f-4eb5-b4e6-9ebc83a5371a","service":"backend","timestamp":"2026-01-28 20:10:29"}
{"level":"info","message":"GET /api/profile/user/45554222-652f-4eb5-b4e6-9ebc83a5371a","service":"backend","timestamp":"2026-01-28 20:10:55"}
{"level":"debug","message":"[getProfile] id=45554222-652f-4eb5-b4e6-9ebc83a5371a cacheKey=profile:45554222-652f-4eb5-b4e6-9ebc83a5371a","service":"backend","timestamp":"2026-01-28 20:10:56"}
{"level":"debug","message":"[getProfile] Returning profile for id=45554222-652f-4eb5-b4e6-9ebc83a5371a","service":"backend","timestamp":"2026-01-28 20:10:56"}
{"level":"info","message":"GET /api/profile/user/45554222-652f-4eb5-b4e6-9ebc83a5371a","service":"backend","timestamp":"2026-01-28 20:11:00"}
{"level":"debug","message":"[getProfile] id=45554222-652f-4eb5-b4e6-9ebc83a5371a cacheKey=profile:45554222-652f-4eb5-b4e6-9ebc83a5371a","service":"backend","timestamp":"2026-01-28 20:11:00"}
{"level":"debug","message":"[getProfile] Returning profile for id=45554222-652f-4eb5-b4e6-9ebc83a5371a","service":"backend","timestamp":"2026-01-28 20:11:00"}
{"level":"info","message":"GET /api/service/mine","service":"backend","timestamp":"2026-01-28 20:11:00"}
{"level":"info","message":"GET /api/profile/user/45554222-652f-4eb5-b4e6-9ebc83a5371a","service":"backend","timestamp":"2026-01-28 20:11:37"}
{"level":"debug","message":"[getProfile] id=45554222-652f-4eb5-b4e6-9ebc83a5371a cacheKey=profile:45554222-652f-4eb5-b4e6-9ebc83a5371a","service":"backend","timestamp":"2026-01-28 20:11:37"}
{"level":"debug","message":"[getProfile] Returning profile for id=45554222-652f-4eb5-b4e6-9ebc83a5371a","service":"backend","timestamp":"2026-01-28 20:11:37"}
{"level":"info","message":"GET /api/profile/user/45554222-652f-4eb5-b4e6-9ebc83a5371a","service":"backend","timestamp":"2026-01-28 20:11:38"}
{"level":"debug","message":"[getProfile] id=45554222-652f-4eb5-b4e6-9ebc83a5371a cacheKey=profile:45554222-652f-4eb5-b4e6-9ebc83a5371a","service":"backend","timestamp":"2026-01-28 20:11:38"}
{"level":"debug","message":"[getProfile] Returning profile for id=45554222-652f-4eb5-b4e6-9ebc83a5371a","service":"backend","timestamp":"2026-01-28 20:11:38"}
{"level":"info","message":"GET /api/creator/stats/45554222-652f-4eb5-b4e6-9ebc83a5371a","service":"backend","timestamp":"2026-01-28 20:11:44"}
{"level":"debug","message":"[getCreatorStats] userId=45554222-652f-4eb5-b4e6-9ebc83a5371a cacheKey=creator_stats:45554222-652f-4eb5-b4e6-9ebc83a5371a","service":"backend","timestamp":"2026-01-28 20:11:44"}
{"level":"debug","message":"[getCreatorStats] Cache miss -> fetching from Supabase for 45554222-652f-4eb5-b4e6-9ebc83a5371a","service":"backend","timestamp":"2026-01-28 20:11:44"}
{"level":"debug","message":"[getCreatorStats] Supabase fetch success, will cache key: creator_stats:45554222-652f-4eb5-b4e6-9ebc83a5371a","service":"backend","timestamp":"2026-01-28 20:11:45"}
{"level":"debug","message":"[getCreatorStats] Returning stats for userId=45554222-652f-4eb5-b4e6-9ebc83a5371a","service":"backend","timestamp":"2026-01-28 20:11:45"}
{"level":"info","message":"GET /api/profile/user/45554222-652f-4eb5-b4e6-9ebc83a5371a","service":"backend","timestamp":"2026-01-28 20:11:52"}
{"level":"debug","message":"[getProfile] id=45554222-652f-4eb5-b4e6-9ebc83a5371a cacheKey=profile:45554222-652f-4eb5-b4e6-9ebc83a5371a","service":"backend","timestamp":"2026-01-28 20:11:52"}
{"level":"debug","message":"[getProfile] Returning profile for id=45554222-652f-4eb5-b4e6-9ebc83a5371a","service":"backend","timestamp":"2026-01-28 20:11:52"}
{"level":"info","message":"GET /api/profile/user/45554222-652f-4eb5-b4e6-9ebc83a5371a","service":"backend","timestamp":"2026-01-28 20:12:20"}
{"level":"debug","message":"[getProfile] id=45554222-652f-4eb5-b4e6-9ebc83a5371a cacheKey=profile:45554222-652f-4eb5-b4e6-9ebc83a5371a","service":"backend","timestamp":"2026-01-28 20:12:20"}
{"level":"debug","message":"[getProfile] Returning profile for id=45554222-652f-4eb5-b4e6-9ebc83a5371a","service":"backend","timestamp":"2026-01-28 20:12:20"}
{"level":"info","message":"GET /api/profile/user/45554222-652f-4eb5-b4e6-9ebc83a5371a","service":"backend","timestamp":"2026-01-28 20:12:21"}
{"level":"debug","message":"[getProfile] id=45554222-652f-4eb5-b4e6-9ebc83a5371a cacheKey=profile:45554222-652f-4eb5-b4e6-9ebc83a5371a","service":"backend","timestamp":"2026-01-28 20:12:22"}
{"level":"debug","message":"[getProfile] Returning profile for id=45554222-652f-4eb5-b4e6-9ebc83a5371a","service":"backend","timestamp":"2026-01-28 20:12:22"}
{"level":"info","message":"GET /api/profile/user/45554222-652f-4eb5-b4e6-9ebc83a5371a","service":"backend","timestamp":"2026-01-28 20:13:52"}
{"level":"debug","message":"[getProfile] id=45554222-652f-4eb5-b4e6-9ebc83a5371a cacheKey=profile:45554222-652f-4eb5-b4e6-9ebc83a5371a","service":"backend","timestamp":"2026-01-28 20:13:52"}
{"level":"debug","message":"[getProfile] Returning profile for id=45554222-652f-4eb5-b4e6-9ebc83a5371a","service":"backend","timestamp":"2026-01-28 20:13:52"}
{"level":"info","message":"GET /api/profile/user/45554222-652f-4eb5-b4e6-9ebc83a5371a","service":"backend","timestamp":"2026-01-28 20:17:04"}
{"level":"debug","message":"[getProfile] id=45554222-652f-4eb5-b4e6-9ebc83a5371a cacheKey=profile:45554222-652f-4eb5-b4e6-9ebc83a5371a","service":"backend","timestamp":"2026-01-28 20:17:05"}
{"level":"debug","message":"[getProfile] Returning profile for id=45554222-652f-4eb5-b4e6-9ebc83a5371a","service":"backend","timestamp":"2026-01-28 20:17:05"}
{"level":"info","message":"GET /api/profile/user/45554222-652f-4eb5-b4e6-9ebc83a5371a","service":"backend","timestamp":"2026-01-28 20:17:05"}
{"level":"debug","message":"[getProfile] id=45554222-652f-4eb5-b4e6-9ebc83a5371a cacheKey=profile:45554222-652f-4eb5-b4e6-9ebc83a5371a","service":"backend","timestamp":"2026-01-28 20:17:05"}
{"level":"debug","message":"[getProfile] Returning profile for id=45554222-652f-4eb5-b4e6-9ebc83a5371a","service":"backend","timestamp":"2026-01-28 20:17:05"}
{"level":"info","message":"GET /api/creator/stats/45554222-652f-4eb5-b4e6-9ebc83a5371a","service":"backend","timestamp":"2026-01-28 20:18:22"}
{"level":"info","message":"GET /api/community/posts/feed","service":"backend","timestamp":"2026-01-28 20:18:22"}
{"level":"info","message":"GET /api/community/discover","service":"backend","timestamp":"2026-01-28 20:18:22"}
{"level":"info","message":"GET /api/community/joined","service":"backend","timestamp":"2026-01-28 20:18:22"}
{"level":"debug","message":"[getCreatorStats] userId=45554222-652f-4eb5-b4e6-9ebc83a5371a cacheKey=creator_stats:45554222-652f-4eb5-b4e6-9ebc83a5371a","service":"backend","timestamp":"2026-01-28 20:18:22"}
{"level":"debug","message":"[getCreatorStats] Cache miss -> fetching from Supabase for 45554222-652f-4eb5-b4e6-9ebc83a5371a","service":"backend","timestamp":"2026-01-28 20:18:22"}
{"level":"debug","message":"[getCreatorStats] Supabase fetch success, will cache key: creator_stats:45554222-652f-4eb5-b4e6-9ebc83a5371a","service":"backend","timestamp":"2026-01-28 20:18:22"}
{"level":"debug","message":"[getCreatorStats] Returning stats for userId=45554222-652f-4eb5-b4e6-9ebc83a5371a","service":"backend","timestamp":"2026-01-28 20:18:22"}
{"level":"info","message":"GET /api/follow/followers/45554222-652f-4eb5-b4e6-9ebc83a5371a","service":"backend","timestamp":"2026-01-28 20:18:23"}
{"level":"info","message":"GET /api/follow/following/45554222-652f-4eb5-b4e6-9ebc83a5371a","service":"backend","timestamp":"2026-01-28 20:18:23"}
{"level":"info","message":"GET /api/profile/user/45554222-652f-4eb5-b4e6-9ebc83a5371a","service":"backend","timestamp":"2026-01-28 20:18:24"}
{"level":"debug","message":"[getProfile] id=45554222-652f-4eb5-b4e6-9ebc83a5371a cacheKey=profile:45554222-652f-4eb5-b4e6-9ebc83a5371a","service":"backend","timestamp":"2026-01-28 20:18:24"}
{"level":"debug","message":"[getProfile] Returning profile for id=45554222-652f-4eb5-b4e6-9ebc83a5371a","service":"backend","timestamp":"2026-01-28 20:18:24"}
{"level":"info","message":"GET /api/profile/user/45554222-652f-4eb5-b4e6-9ebc83a5371a","service":"backend","timestamp":"2026-01-28 20:18:56"}
{"level":"debug","message":"[getProfile] id=45554222-652f-4eb5-b4e6-9ebc83a5371a cacheKey=profile:45554222-652f-4eb5-b4e6-9ebc83a5371a","service":"backend","timestamp":"2026-01-28 20:18:56"}
{"level":"debug","message":"[getProfile] Returning profile for id=45554222-652f-4eb5-b4e6-9ebc83a5371a","service":"backend","timestamp":"2026-01-28 20:18:56"}
{"level":"info","message":"GET /api/creator/stats/45554222-652f-4eb5-b4e6-9ebc83a5371a","service":"backend","timestamp":"2026-01-28 20:19:42"}
{"level":"debug","message":"[getCreatorStats] userId=45554222-652f-4eb5-b4e6-9ebc83a5371a cacheKey=creator_stats:45554222-652f-4eb5-b4e6-9ebc83a5371a","service":"backend","timestamp":"2026-01-28 20:19:43"}
{"level":"debug","message":"[getCreatorStats] Cache miss -> fetching from Supabase for 45554222-652f-4eb5-b4e6-9ebc83a5371a","service":"backend","timestamp":"2026-01-28 20:19:43"}
{"level":"info","message":"GET /api/message","service":"backend","timestamp":"2026-01-28 20:19:43"}
{"level":"debug","message":"[getCreatorStats] Supabase fetch success, will cache key: creator_stats:45554222-652f-4eb5-b4e6-9ebc83a5371a","service":"backend","timestamp":"2026-01-28 20:19:43"}
{"level":"debug","message":"[getCreatorStats] Returning stats for userId=45554222-652f-4eb5-b4e6-9ebc83a5371a","service":"backend","timestamp":"2026-01-28 20:19:43"}
{"level":"info","message":"GET /api/profile/user/45554222-652f-4eb5-b4e6-9ebc83a5371a","service":"backend","timestamp":"2026-01-28 20:19:44"}
{"level":"debug","message":"[getProfile] id=45554222-652f-4eb5-b4e6-9ebc83a5371a cacheKey=profile:45554222-652f-4eb5-b4e6-9ebc83a5371a","service":"backend","timestamp":"2026-01-28 20:19:44"}
{"level":"debug","message":"[getProfile] Returning profile for id=45554222-652f-4eb5-b4e6-9ebc83a5371a","service":"backend","timestamp":"2026-01-28 20:19:44"}
{"level":"info","message":"GET /api/service/mine","service":"backend","timestamp":"2026-01-28 20:19:47"}
{"level":"info","message":"GET /api/profile/user/45554222-652f-4eb5-b4e6-9ebc83a5371a","service":"backend","timestamp":"2026-01-28 20:20:28"}
{"level":"debug","message":"[getProfile] id=45554222-652f-4eb5-b4e6-9ebc83a5371a cacheKey=profile:45554222-652f-4eb5-b4e6-9ebc83a5371a","service":"backend","timestamp":"2026-01-28 20:20:29"}
{"level":"debug","message":"[getProfile] Returning profile for id=45554222-652f-4eb5-b4e6-9ebc83a5371a","service":"backend","timestamp":"2026-01-28 20:20:29"}
{"level":"info","message":"GET /api/profile/user/45554222-652f-4eb5-b4e6-9ebc83a5371a","service":"backend","timestamp":"2026-01-28 20:20:47"}
{"level":"debug","message":"[getProfile] id=45554222-652f-4eb5-b4e6-9ebc83a5371a cacheKey=profile:45554222-652f-4eb5-b4e6-9ebc83a5371a","service":"backend","timestamp":"2026-01-28 20:20:47"}
{"level":"debug","message":"[getProfile] Returning profile for id=45554222-652f-4eb5-b4e6-9ebc83a5371a","service":"backend","timestamp":"2026-01-28 20:20:47"}
{"level":"info","message":"GET /api/profile/user/45554222-652f-4eb5-b4e6-9ebc83a5371a","service":"backend","timestamp":"2026-01-28 20:20:57"}
{"level":"info","message":"GET /api/profile/user/45554222-652f-4eb5-b4e6-9ebc83a5371a","service":"backend","timestamp":"2026-01-28 20:20:57"}
{"level":"debug","message":"[getProfile] id=45554222-652f-4eb5-b4e6-9ebc83a5371a cacheKey=profile:45554222-652f-4eb5-b4e6-9ebc83a5371a","service":"backend","timestamp":"2026-01-28 20:20:58"}
{"level":"debug","message":"[getProfile] Returning profile for id=45554222-652f-4eb5-b4e6-9ebc83a5371a","service":"backend","timestamp":"2026-01-28 20:20:58"}
{"level":"debug","message":"[getProfile] id=45554222-652f-4eb5-b4e6-9ebc83a5371a cacheKey=profile:45554222-652f-4eb5-b4e6-9ebc83a5371a","service":"backend","timestamp":"2026-01-28 20:20:58"}
{"level":"debug","message":"[getProfile] Returning profile for id=45554222-652f-4eb5-b4e6-9ebc83a5371a","service":"backend","timestamp":"2026-01-28 20:20:58"}
{"level":"info","message":"GET /api/creator/stats/45554222-652f-4eb5-b4e6-9ebc83a5371a","service":"backend","timestamp":"2026-01-28 20:22:13"}
{"level":"debug","message":"[getCreatorStats] userId=45554222-652f-4eb5-b4e6-9ebc83a5371a cacheKey=creator_stats:45554222-652f-4eb5-b4e6-9ebc83a5371a","service":"backend","timestamp":"2026-01-28 20:22:14"}
{"level":"debug","message":"[getCreatorStats] Cache miss -> fetching from Supabase for 45554222-652f-4eb5-b4e6-9ebc83a5371a","service":"backend","timestamp":"2026-01-28 20:22:14"}
{"level":"debug","message":"[getCreatorStats] Supabase fetch success, will cache key: creator_stats:45554222-652f-4eb5-b4e6-9ebc83a5371a","service":"backend","timestamp":"2026-01-28 20:22:14"}
{"level":"debug","message":"[getCreatorStats] Returning stats for userId=45554222-652f-4eb5-b4e6-9ebc83a5371a","service":"backend","timestamp":"2026-01-28 20:22:14"}
{"level":"info","message":"GET /api/profile/user/45554222-652f-4eb5-b4e6-9ebc83a5371a","service":"backend","timestamp":"2026-01-28 20:22:16"}
{"level":"debug","message":"[getProfile] id=45554222-652f-4eb5-b4e6-9ebc83a5371a cacheKey=profile:45554222-652f-4eb5-b4e6-9ebc83a5371a","service":"backend","timestamp":"2026-01-28 20:22:16"}
{"level":"debug","message":"[getProfile] Returning profile for id=45554222-652f-4eb5-b4e6-9ebc83a5371a","service":"backend","timestamp":"2026-01-28 20:22:16"}
{"level":"info","message":"GET /api/profile/user/45554222-652f-4eb5-b4e6-9ebc83a5371a","service":"backend","timestamp":"2026-01-28 20:25:25"}
{"level":"debug","message":"[getProfile] id=45554222-652f-4eb5-b4e6-9ebc83a5371a cacheKey=profile:45554222-652f-4eb5-b4e6-9ebc83a5371a","service":"backend","timestamp":"2026-01-28 20:25:26"}
{"level":"debug","message":"[getProfile] Cache miss -> fetching from Supabase for 45554222-652f-4eb5-b4e6-9ebc83a5371a","service":"backend","timestamp":"2026-01-28 20:25:26"}
{"level":"debug","message":"[getProfile] Supabase fetch success, will cache key: profile:45554222-652f-4eb5-b4e6-9ebc83a5371a","service":"backend","timestamp":"2026-01-28 20:25:26"}
{"level":"debug","message":"[getProfile] Returning profile for id=45554222-652f-4eb5-b4e6-9ebc83a5371a","service":"backend","timestamp":"2026-01-28 20:25:26"}
{"level":"info","message":"GET /api/community/discover","service":"backend","timestamp":"2026-01-28 20:25:33"}
{"level":"info","message":"GET /api/community/posts/feed","service":"backend","timestamp":"2026-01-28 20:25:33"}
{"level":"info","message":"GET /api/community/joined","service":"backend","timestamp":"2026-01-28 20:25:33"}
{"level":"info","message":"GET /api/creator/stats/45554222-652f-4eb5-b4e6-9ebc83a5371a","service":"backend","timestamp":"2026-01-28 20:25:33"}
{"level":"debug","message":"[getCreatorStats] userId=45554222-652f-4eb5-b4e6-9ebc83a5371a cacheKey=creator_stats:45554222-652f-4eb5-b4e6-9ebc83a5371a","service":"backend","timestamp":"2026-01-28 20:25:33"}
{"level":"debug","message":"[getCreatorStats] Cache miss -> fetching from Supabase for 45554222-652f-4eb5-b4e6-9ebc83a5371a","service":"backend","timestamp":"2026-01-28 20:25:33"}
{"level":"info","message":"GET /api/message","service":"backend","timestamp":"2026-01-28 20:25:34"}
{"level":"debug","message":"[getCreatorStats] Supabase fetch success, will cache key: creator_stats:45554222-652f-4eb5-b4e6-9ebc83a5371a","service":"backend","timestamp":"2026-01-28 20:25:34"}
{"level":"debug","message":"[getCreatorStats] Returning stats for userId=45554222-652f-4eb5-b4e6-9ebc83a5371a","service":"backend","timestamp":"2026-01-28 20:25:34"}
{"level":"info","message":"GET /api/profile/user/45554222-652f-4eb5-b4e6-9ebc83a5371a","service":"backend","timestamp":"2026-01-28 20:25:35"}
{"level":"debug","message":"[getProfile] id=45554222-652f-4eb5-b4e6-9ebc83a5371a cacheKey=profile:45554222-652f-4eb5-b4e6-9ebc83a5371a","service":"backend","timestamp":"2026-01-28 20:25:35"}
{"level":"debug","message":"[getProfile] Returning profile for id=45554222-652f-4eb5-b4e6-9ebc83a5371a","service":"backend","timestamp":"2026-01-28 20:25:35"}
{"level":"info","message":"GET /api/follow/followers/45554222-652f-4eb5-b4e6-9ebc83a5371a","service":"backend","timestamp":"2026-01-28 20:25:35"}
{"level":"info","message":"GET /api/follow/following/45554222-652f-4eb5-b4e6-9ebc83a5371a","service":"backend","timestamp":"2026-01-28 20:25:36"}
{"level":"info","message":"GET /api/profile/user/45554222-652f-4eb5-b4e6-9ebc83a5371a","service":"backend","timestamp":"2026-01-28 20:26:54"}
{"level":"debug","message":"[getProfile] id=45554222-652f-4eb5-b4e6-9ebc83a5371a cacheKey=profile:45554222-652f-4eb5-b4e6-9ebc83a5371a","service":"backend","timestamp":"2026-01-28 20:26:54"}
{"level":"debug","message":"[getProfile] Returning profile for id=45554222-652f-4eb5-b4e6-9ebc83a5371a","service":"backend","timestamp":"2026-01-28 20:26:54"}
{"level":"info","message":"GET /api/profile/user/45554222-652f-4eb5-b4e6-9ebc83a5371a","service":"backend","timestamp":"2026-01-28 20:31:56"}
{"level":"debug","message":"[getProfile] id=45554222-652f-4eb5-b4e6-9ebc83a5371a cacheKey=profile:45554222-652f-4eb5-b4e6-9ebc83a5371a","service":"backend","timestamp":"2026-01-28 20:31:56"}
{"level":"debug","message":"[getProfile] Returning profile for id=45554222-652f-4eb5-b4e6-9ebc83a5371a","service":"backend","timestamp":"2026-01-28 20:31:56"}
{"level":"info","message":"GET /api/profile/user/45554222-652f-4eb5-b4e6-9ebc83a5371a","service":"backend","timestamp":"2026-01-28 20:31:58"}
{"level":"debug","message":"[getProfile] id=45554222-652f-4eb5-b4e6-9ebc83a5371a cacheKey=profile:45554222-652f-4eb5-b4e6-9ebc83a5371a","service":"backend","timestamp":"2026-01-28 20:31:59"}
{"level":"debug","message":"[getProfile] Returning profile for id=45554222-652f-4eb5-b4e6-9ebc83a5371a","service":"backend","timestamp":"2026-01-28 20:31:59"}
{"level":"info","message":"GET /api/profile/user/45554222-652f-4eb5-b4e6-9ebc83a5371a","service":"backend","timestamp":"2026-01-28 20:31:59"}
{"level":"debug","message":"[getProfile] id=45554222-652f-4eb5-b4e6-9ebc83a5371a cacheKey=profile:45554222-652f-4eb5-b4e6-9ebc83a5371a","service":"backend","timestamp":"2026-01-28 20:32:00"}
{"level":"debug","message":"[getProfile] Returning profile for id=45554222-652f-4eb5-b4e6-9ebc83a5371a","service":"backend","timestamp":"2026-01-28 20:32:00"}
{"level":"info","message":"GET /api/profile/user/45554222-652f-4eb5-b4e6-9ebc83a5371a","service":"backend","timestamp":"2026-01-28 20:32:26"}
{"level":"debug","message":"[getProfile] id=45554222-652f-4eb5-b4e6-9ebc83a5371a cacheKey=profile:45554222-652f-4eb5-b4e6-9ebc83a5371a","service":"backend","timestamp":"2026-01-28 20:32:26"}
{"level":"debug","message":"[getProfile] Returning profile for id=45554222-652f-4eb5-b4e6-9ebc83a5371a","service":"backend","timestamp":"2026-01-28 20:32:26"}
{"level":"info","message":"GET /api/profile/user/45554222-652f-4eb5-b4e6-9ebc83a5371a","service":"backend","timestamp":"2026-01-28 20:33:56"}
{"level":"debug","message":"[getProfile] id=45554222-652f-4eb5-b4e6-9ebc83a5371a cacheKey=profile:45554222-652f-4eb5-b4e6-9ebc83a5371a","service":"backend","timestamp":"2026-01-28 20:33:56"}
{"level":"debug","message":"[getProfile] Returning profile for id=45554222-652f-4eb5-b4e6-9ebc83a5371a","service":"backend","timestamp":"2026-01-28 20:33:56"}
{"level":"info","message":"GET /api/profile/user/45554222-652f-4eb5-b4e6-9ebc83a5371a","service":"backend","timestamp":"2026-01-28 20:37:27"}
{"level":"debug","message":"[getProfile] id=45554222-652f-4eb5-b4e6-9ebc83a5371a cacheKey=profile:45554222-652f-4eb5-b4e6-9ebc83a5371a","service":"backend","timestamp":"2026-01-28 20:37:27"}
{"level":"debug","message":"[getProfile] Returning profile for id=45554222-652f-4eb5-b4e6-9ebc83a5371a","service":"backend","timestamp":"2026-01-28 20:37:27"}
{"level":"info","message":"GET /api/profile/user/45554222-652f-4eb5-b4e6-9ebc83a5371a","service":"backend","timestamp":"2026-01-28 20:37:28"}
{"level":"debug","message":"[getProfile] id=45554222-652f-4eb5-b4e6-9ebc83a5371a cacheKey=profile:45554222-652f-4eb5-b4e6-9ebc83a5371a","service":"backend","timestamp":"2026-01-28 20:37:29"}
{"level":"debug","message":"[getProfile] Returning profile for id=45554222-652f-4eb5-b4e6-9ebc83a5371a","service":"backend","timestamp":"2026-01-28 20:37:29"}
{"level":"info","message":"Redis client connected","service":"backend","timestamp":"2026-01-28 20:38:52"}
{"level":"info","message":"Redis client ready","service":"backend","timestamp":"2026-01-28 20:38:52"}
{"0":"R","1":"e","10":"l","11":"r","12":"e","13":"a","14":"d","15":"y","16":" ","17":"c","18":"o","19":"n","2":"d","20":"n","21":"e","22":"c","23":"t","24":"i","25":"n","26":"g","27":"/","28":"c","29":"o","3":"i","30":"n","31":"n","32":"e","33":"c","34":"t","35":"e","36":"d","4":"s","5":" ","6":"i","7":"s","8":" ","9":"a","level":"warn","message":"Redis connection failed, server starting without cache:","service":"backend","timestamp":"2026-01-28 20:38:52"}
{"level":"info","message":"Server running at http://0.0.0.0:3000","service":"backend","timestamp":"2026-01-28 20:38:52"}
{"level":"info","message":"Environment: development","service":"backend","timestamp":"2026-01-28 20:38:52"}
{"level":"info","message":"Redis connected: true","service":"backend","timestamp":"2026-01-28 20:38:52"}
{"level":"info","message":"Redis client connected","service":"backend","timestamp":"2026-01-28 20:40:40"}
{"level":"info","message":"Redis client ready","service":"backend","timestamp":"2026-01-28 20:40:40"}
{"0":"R","1":"e","10":"l","11":"r","12":"e","13":"a","14":"d","15":"y","16":" ","17":"c","18":"o","19":"n","2":"d","20":"n","21":"e","22":"c","23":"t","24":"i","25":"n","26":"g","27":"/","28":"c","29":"o","3":"i","30":"n","31":"n","32":"e","33":"c","34":"t","35":"e","36":"d","4":"s","5":" ","6":"i","7":"s","8":" ","9":"a","level":"warn","message":"Redis connection failed, server starting without cache:","service":"backend","timestamp":"2026-01-28 20:40:40"}
{"level":"info","message":"Server running at http://0.0.0.0:3000","service":"backend","timestamp":"2026-01-28 20:40:40"}
{"level":"info","message":"Environment: development","service":"backend","timestamp":"2026-01-28 20:40:40"}
{"level":"info","message":"Redis connected: true","service":"backend","timestamp":"2026-01-28 20:40:40"}
{"level":"info","message":"GET /api/community/discover","service":"backend","timestamp":"2026-01-28 20:40:53"}
{"level":"info","message":"GET /api/community/posts/feed","service":"backend","timestamp":"2026-01-28 20:40:53"}
{"level":"info","message":"GET /api/creator/stats/45554222-652f-4eb5-b4e6-9ebc83a5371a","service":"backend","timestamp":"2026-01-28 20:40:53"}
{"level":"info","message":"GET /api/community/joined","service":"backend","timestamp":"2026-01-28 20:40:53"}
{"level":"debug","message":"[getCreatorStats] userId=45554222-652f-4eb5-b4e6-9ebc83a5371a cacheKey=creator_stats:45554222-652f-4eb5-b4e6-9ebc83a5371a","service":"backend","timestamp":"2026-01-28 20:40:53"}
{"level":"debug","message":"[getCreatorStats] Cache miss -> fetching from Supabase for 45554222-652f-4eb5-b4e6-9ebc83a5371a","service":"backend","timestamp":"2026-01-28 20:40:53"}
{"level":"debug","message":"[getCreatorStats] Supabase fetch success, will cache key: creator_stats:45554222-652f-4eb5-b4e6-9ebc83a5371a","service":"backend","timestamp":"2026-01-28 20:40:54"}
{"level":"debug","message":"[getCreatorStats] Returning stats for userId=45554222-652f-4eb5-b4e6-9ebc83a5371a","service":"backend","timestamp":"2026-01-28 20:40:54"}
{"level":"info","message":"GET /api/follow/followers/45554222-652f-4eb5-b4e6-9ebc83a5371a","service":"backend","timestamp":"2026-01-28 20:40:54"}
{"level":"info","message":"GET /api/follow/following/45554222-652f-4eb5-b4e6-9ebc83a5371a","service":"backend","timestamp":"2026-01-28 20:40:54"}
{"level":"info","message":"GET /api/creator/stats/45554222-652f-4eb5-b4e6-9ebc83a5371a","service":"backend","timestamp":"2026-01-28 20:42:02"}
{"level":"debug","message":"[getCreatorStats] userId=45554222-652f-4eb5-b4e6-9ebc83a5371a cacheKey=creator_stats:45554222-652f-4eb5-b4e6-9ebc83a5371a","service":"backend","timestamp":"2026-01-28 20:42:03"}
{"level":"debug","message":"[getCreatorStats] Cache miss -> fetching from Supabase for 45554222-652f-4eb5-b4e6-9ebc83a5371a","service":"backend","timestamp":"2026-01-28 20:42:03"}
{"level":"debug","message":"[getCreatorStats] Supabase fetch success, will cache key: creator_stats:45554222-652f-4eb5-b4e6-9ebc83a5371a","service":"backend","timestamp":"2026-01-28 20:42:03"}
{"level":"debug","message":"[getCreatorStats] Returning stats for userId=45554222-652f-4eb5-b4e6-9ebc83a5371a","service":"backend","timestamp":"2026-01-28 20:42:03"}
{"level":"info","message":"GET /api/profile/user/45554222-652f-4eb5-b4e6-9ebc83a5371a","service":"backend","timestamp":"2026-01-28 20:42:04"}
{"level":"debug","message":"[getProfile] id=45554222-652f-4eb5-b4e6-9ebc83a5371a cacheKey=profile:45554222-652f-4eb5-b4e6-9ebc83a5371a","service":"backend","timestamp":"2026-01-28 20:42:04"}
{"level":"debug","message":"[getProfile] Returning profile for id=45554222-652f-4eb5-b4e6-9ebc83a5371a","service":"backend","timestamp":"2026-01-28 20:42:04"}
{"level":"info","message":"GET /api/profile/user/45554222-652f-4eb5-b4e6-9ebc83a5371a","service":"backend","timestamp":"2026-01-28 20:46:05"}
{"level":"debug","message":"[getProfile] id=45554222-652f-4eb5-b4e6-9ebc83a5371a cacheKey=profile:45554222-652f-4eb5-b4e6-9ebc83a5371a","service":"backend","timestamp":"2026-01-28 20:46:05"}
{"level":"debug","message":"[getProfile] Returning profile for id=45554222-652f-4eb5-b4e6-9ebc83a5371a","service":"backend","timestamp":"2026-01-28 20:46:05"}
{"level":"info","message":"GET /api/community/posts/feed","service":"backend","timestamp":"2026-01-28 20:47:54"}
{"level":"info","message":"GET /api/community/joined","service":"backend","timestamp":"2026-01-28 20:47:54"}
{"level":"info","message":"GET /api/community/discover","service":"backend","timestamp":"2026-01-28 20:47:54"}
{"level":"info","message":"GET /api/creator/stats/45554222-652f-4eb5-b4e6-9ebc83a5371a","service":"backend","timestamp":"2026-01-28 20:47:54"}
{"level":"debug","message":"[getCreatorStats] userId=45554222-652f-4eb5-b4e6-9ebc83a5371a cacheKey=creator_stats:45554222-652f-4eb5-b4e6-9ebc83a5371a","service":"backend","timestamp":"2026-01-28 20:47:55"}
{"level":"debug","message":"[getCreatorStats] Cache miss -> fetching from Supabase for 45554222-652f-4eb5-b4e6-9ebc83a5371a","service":"backend","timestamp":"2026-01-28 20:47:55"}
{"level":"debug","message":"[getCreatorStats] Supabase fetch success, will cache key: creator_stats:45554222-652f-4eb5-b4e6-9ebc83a5371a","service":"backend","timestamp":"2026-01-28 20:47:55"}
{"level":"debug","message":"[getCreatorStats] Returning stats for userId=45554222-652f-4eb5-b4e6-9ebc83a5371a","service":"backend","timestamp":"2026-01-28 20:47:55"}
{"level":"info","message":"GET /api/follow/followers/45554222-652f-4eb5-b4e6-9ebc83a5371a","service":"backend","timestamp":"2026-01-28 20:47:55"}
{"level":"info","message":"GET /api/follow/following/45554222-652f-4eb5-b4e6-9ebc83a5371a","service":"backend","timestamp":"2026-01-28 20:47:55"}
{"level":"info","message":"GET /api/profile/user/45554222-652f-4eb5-b4e6-9ebc83a5371a","service":"backend","timestamp":"2026-01-28 20:47:56"}
{"level":"debug","message":"[getProfile] id=45554222-652f-4eb5-b4e6-9ebc83a5371a cacheKey=profile:45554222-652f-4eb5-b4e6-9ebc83a5371a","service":"backend","timestamp":"2026-01-28 20:47:57"}
{"level":"debug","message":"[getProfile] Returning profile for id=45554222-652f-4eb5-b4e6-9ebc83a5371a","service":"backend","timestamp":"2026-01-28 20:47:57"}
{"level":"info","message":"PUT /api/profile/user/45554222-652f-4eb5-b4e6-9ebc83a5371a","service":"backend","timestamp":"2026-01-28 20:48:19"}
{"authenticatedUserId":"45554222-652f-4eb5-b4e6-9ebc83a5371a","bio":"Nexus Protocol Architect and Creator.\nDev Ops","full_name":"Meer Rahim","id":"45554222-652f-4eb5-b4e6-9ebc83a5371a","level":"info","message":"PUT /api/profile","service":"backend","timestamp":"2026-01-28 20:48:19","username":"Mir"}
{"level":"info","message":"Invalidated 1 cache keys matching profile:45554222-652f-4eb5-b4e6-9ebc83a5371a","service":"backend","timestamp":"2026-01-28 20:48:20"}
{"0":"p","1":"r","10":"5","11":"5","12":"4","13":"2","14":"2","15":"2","16":"-","17":"6","18":"5","19":"2","2":"o","20":"f","21":"-","22":"4","23":"e","24":"b","25":"5","26":"-","27":"b","28":"4","29":"e","3":"f","30":"6","31":"-","32":"9","33":"e","34":"b","35":"c","36":"8","37":"3","38":"a","39":"5","4":"i","40":"3","41":"7","42":"1","43":"a","5":"l","6":"e","7":":","8":"4","9":"5","level":"debug","message":"[updateProfile] Cache invalidated for:","service":"backend","timestamp":"2026-01-28 20:48:20"}
{"level":"info","message":"GET /api/profile/user/45554222-652f-4eb5-b4e6-9ebc83a5371a","service":"backend","timestamp":"2026-01-28 20:48:20"}
{"level":"debug","message":"[getProfile] id=45554222-652f-4eb5-b4e6-9ebc83a5371a cacheKey=profile:45554222-652f-4eb5-b4e6-9ebc83a5371a","service":"backend","timestamp":"2026-01-28 20:48:20"}
{"level":"debug","message":"[getProfile] Cache miss -> fetching from Supabase for 45554222-652f-4eb5-b4e6-9ebc83a5371a","service":"backend","timestamp":"2026-01-28 20:48:20"}
{"level":"debug","message":"[getProfile] Supabase fetch success, will cache key: profile:45554222-652f-4eb5-b4e6-9ebc83a5371a","service":"backend","timestamp":"2026-01-28 20:48:20"}
{"level":"debug","message":"[getProfile] Returning profile for id=45554222-652f-4eb5-b4e6-9ebc83a5371a","service":"backend","timestamp":"2026-01-28 20:48:20"}
{"level":"info","message":"GET /api/profile/user/45554222-652f-4eb5-b4e6-9ebc83a5371a","service":"backend","timestamp":"2026-01-28 20:48:20"}
{"level":"debug","message":"[getProfile] id=45554222-652f-4eb5-b4e6-9ebc83a5371a cacheKey=profile:45554222-652f-4eb5-b4e6-9ebc83a5371a","service":"backend","timestamp":"2026-01-28 20:48:21"}
{"level":"debug","message":"[getProfile] Returning profile for id=45554222-652f-4eb5-b4e6-9ebc83a5371a","service":"backend","timestamp":"2026-01-28 20:48:21"}
{"level":"info","message":"GET /api/creator/stats/45554222-652f-4eb5-b4e6-9ebc83a5371a","service":"backend","timestamp":"2026-01-28 20:49:00"}
{"level":"debug","message":"[getCreatorStats] userId=45554222-652f-4eb5-b4e6-9ebc83a5371a cacheKey=creator_stats:45554222-652f-4eb5-b4e6-9ebc83a5371a","service":"backend","timestamp":"2026-01-28 20:49:01"}
{"level":"debug","message":"[getCreatorStats] Cache miss -> fetching from Supabase for 45554222-652f-4eb5-b4e6-9ebc83a5371a","service":"backend","timestamp":"2026-01-28 20:49:01"}
{"level":"info","message":"GET /api/creator/stats/45554222-652f-4eb5-b4e6-9ebc83a5371a","service":"backend","timestamp":"2026-01-28 20:49:01"}
{"level":"debug","message":"[getCreatorStats] userId=45554222-652f-4eb5-b4e6-9ebc83a5371a cacheKey=creator_stats:45554222-652f-4eb5-b4e6-9ebc83a5371a","service":"backend","timestamp":"2026-01-28 20:49:01"}
{"level":"debug","message":"[getCreatorStats] Cache miss -> fetching from Supabase for 45554222-652f-4eb5-b4e6-9ebc83a5371a","service":"backend","timestamp":"2026-01-28 20:49:01"}
{"level":"debug","message":"[getCreatorStats] Supabase fetch success, will cache key: creator_stats:45554222-652f-4eb5-b4e6-9ebc83a5371a","service":"backend","timestamp":"2026-01-28 20:49:01"}
{"level":"debug","message":"[getCreatorStats] Returning stats for userId=45554222-652f-4eb5-b4e6-9ebc83a5371a","service":"backend","timestamp":"2026-01-28 20:49:01"}
{"level":"debug","message":"[getCreatorStats] Supabase fetch success, will cache key: creator_stats:45554222-652f-4eb5-b4e6-9ebc83a5371a","service":"backend","timestamp":"2026-01-28 20:49:01"}
{"level":"debug","message":"[getCreatorStats] Returning stats for userId=45554222-652f-4eb5-b4e6-9ebc83a5371a","service":"backend","timestamp":"2026-01-28 20:49:01"}
{"level":"info","message":"GET /api/message","service":"backend","timestamp":"2026-01-28 20:49:06"}
{"level":"info","message":"GET /api/profile/user/45554222-652f-4eb5-b4e6-9ebc83a5371a","service":"backend","timestamp":"2026-01-28 20:49:13"}
{"level":"debug","message":"[getProfile] id=45554222-652f-4eb5-b4e6-9ebc83a5371a cacheKey=profile:45554222-652f-4eb5-b4e6-9ebc83a5371a","service":"backend","timestamp":"2026-01-28 20:49:13"}
{"level":"debug","message":"[getProfile] Returning profile for id=45554222-652f-4eb5-b4e6-9ebc83a5371a","service":"backend","timestamp":"2026-01-28 20:49:13"}
{"level":"info","message":"GET /api/profile/user/45554222-652f-4eb5-b4e6-9ebc83a5371a","service":"backend","timestamp":"2026-01-28 20:51:13"}
{"level":"debug","message":"[getProfile] id=45554222-652f-4eb5-b4e6-9ebc83a5371a cacheKey=profile:45554222-652f-4eb5-b4e6-9ebc83a5371a","service":"backend","timestamp":"2026-01-28 20:51:13"}
{"level":"debug","message":"[getProfile] Returning profile for id=45554222-652f-4eb5-b4e6-9ebc83a5371a","service":"backend","timestamp":"2026-01-28 20:51:13"}
{"level":"info","message":"GET /api/profile/user/45554222-652f-4eb5-b4e6-9ebc83a5371a","service":"backend","timestamp":"2026-01-28 20:53:13"}
{"level":"debug","message":"[getProfile] id=45554222-652f-4eb5-b4e6-9ebc83a5371a cacheKey=profile:45554222-652f-4eb5-b4e6-9ebc83a5371a","service":"backend","timestamp":"2026-01-28 20:53:13"}
{"level":"debug","message":"[getProfile] Returning profile for id=45554222-652f-4eb5-b4e6-9ebc83a5371a","service":"backend","timestamp":"2026-01-28 20:53:13"}
{"level":"info","message":"GET /api/profile/user/45554222-652f-4eb5-b4e6-9ebc83a5371a","service":"backend","timestamp":"2026-01-28 20:53:56"}
{"level":"debug","message":"[getProfile] id=45554222-652f-4eb5-b4e6-9ebc83a5371a cacheKey=profile:45554222-652f-4eb5-b4e6-9ebc83a5371a","service":"backend","timestamp":"2026-01-28 20:53:56"}
{"level":"debug","message":"[getProfile] Returning profile for id=45554222-652f-4eb5-b4e6-9ebc83a5371a","service":"backend","timestamp":"2026-01-28 20:53:56"}
{"level":"info","message":"GET /api/profile/user/45554222-652f-4eb5-b4e6-9ebc83a5371a","service":"backend","timestamp":"2026-01-28 20:56:39"}
{"level":"debug","message":"[getProfile] id=45554222-652f-4eb5-b4e6-9ebc83a5371a cacheKey=profile:45554222-652f-4eb5-b4e6-9ebc83a5371a","service":"backend","timestamp":"2026-01-28 20:56:40"}
{"level":"debug","message":"[getProfile] Returning profile for id=45554222-652f-4eb5-b4e6-9ebc83a5371a","service":"backend","timestamp":"2026-01-28 20:56:40"}
{"level":"info","message":"GET /api/community/joined","service":"backend","timestamp":"2026-01-28 20:56:47"}
{"level":"info","message":"GET /api/community/posts/feed","service":"backend","timestamp":"2026-01-28 20:56:47"}
{"level":"info","message":"GET /api/community/discover","service":"backend","timestamp":"2026-01-28 20:56:47"}
{"level":"info","message":"GET /api/creator/stats/45554222-652f-4eb5-b4e6-9ebc83a5371a","service":"backend","timestamp":"2026-01-28 20:56:47"}
{"level":"debug","message":"[getCreatorStats] userId=45554222-652f-4eb5-b4e6-9ebc83a5371a cacheKey=creator_stats:45554222-652f-4eb5-b4e6-9ebc83a5371a","service":"backend","timestamp":"2026-01-28 20:56:47"}
{"level":"debug","message":"[getCreatorStats] Cache miss -> fetching from Supabase for 45554222-652f-4eb5-b4e6-9ebc83a5371a","service":"backend","timestamp":"2026-01-28 20:56:47"}
{"level":"debug","message":"[getCreatorStats] Supabase fetch success, will cache key: creator_stats:45554222-652f-4eb5-b4e6-9ebc83a5371a","service":"backend","timestamp":"2026-01-28 20:56:48"}
{"level":"debug","message":"[getCreatorStats] Returning stats for userId=45554222-652f-4eb5-b4e6-9ebc83a5371a","service":"backend","timestamp":"2026-01-28 20:56:48"}
{"level":"info","message":"GET /api/message","service":"backend","timestamp":"2026-01-28 20:56:48"}
{"level":"info","message":"GET /api/follow/following/45554222-652f-4eb5-b4e6-9ebc83a5371a","service":"backend","timestamp":"2026-01-28 20:56:49"}
{"level":"info","message":"GET /api/follow/followers/45554222-652f-4eb5-b4e6-9ebc83a5371a","service":"backend","timestamp":"2026-01-28 20:56:49"}
{"level":"info","message":"GET /api/profile/user/45554222-652f-4eb5-b4e6-9ebc83a5371a","service":"backend","timestamp":"2026-01-28 20:56:49"}
{"level":"debug","message":"[getProfile] id=45554222-652f-4eb5-b4e6-9ebc83a5371a cacheKey=profile:45554222-652f-4eb5-b4e6-9ebc83a5371a","service":"backend","timestamp":"2026-01-28 20:56:49"}
{"level":"debug","message":"[getProfile] Returning profile for id=45554222-652f-4eb5-b4e6-9ebc83a5371a","service":"backend","timestamp":"2026-01-28 20:56:49"}
{"level":"info","message":"GET /api/profile/user/45554222-652f-4eb5-b4e6-9ebc83a5371a","service":"backend","timestamp":"2026-01-28 20:57:28"}
{"level":"debug","message":"[getProfile] id=45554222-652f-4eb5-b4e6-9ebc83a5371a cacheKey=profile:45554222-652f-4eb5-b4e6-9ebc83a5371a","service":"backend","timestamp":"2026-01-28 20:57:28"}
{"level":"debug","message":"[getProfile] Returning profile for id=45554222-652f-4eb5-b4e6-9ebc83a5371a","service":"backend","timestamp":"2026-01-28 20:57:28"}
{"level":"info","message":"GET /api/profile/user/45554222-652f-4eb5-b4e6-9ebc83a5371a","service":"backend","timestamp":"2026-01-28 21:07:06"}
{"level":"debug","message":"[getProfile] id=45554222-652f-4eb5-b4e6-9ebc83a5371a cacheKey=profile:45554222-652f-4eb5-b4e6-9ebc83a5371a","service":"backend","timestamp":"2026-01-28 21:07:07"}
{"level":"debug","message":"[getProfile] Returning profile for id=45554222-652f-4eb5-b4e6-9ebc83a5371a","service":"backend","timestamp":"2026-01-28 21:07:07"}
{"level":"info","message":"GET /api/profile/user/45554222-652f-4eb5-b4e6-9ebc83a5371a","service":"backend","timestamp":"2026-01-28 21:07:07"}
{"level":"info","message":"GET /api/profile/user/45554222-652f-4eb5-b4e6-9ebc83a5371a","service":"backend","timestamp":"2026-01-28 21:07:08"}
{"level":"debug","message":"[getProfile] id=45554222-652f-4eb5-b4e6-9ebc83a5371a cacheKey=profile:45554222-652f-4eb5-b4e6-9ebc83a5371a","service":"backend","timestamp":"2026-01-28 21:07:08"}
{"level":"debug","message":"[getProfile] Returning profile for id=45554222-652f-4eb5-b4e6-9ebc83a5371a","service":"backend","timestamp":"2026-01-28 21:07:08"}
{"level":"debug","message":"[getProfile] id=45554222-652f-4eb5-b4e6-9ebc83a5371a cacheKey=profile:45554222-652f-4eb5-b4e6-9ebc83a5371a","service":"backend","timestamp":"2026-01-28 21:07:08"}
{"level":"debug","message":"[getProfile] Returning profile for id=45554222-652f-4eb5-b4e6-9ebc83a5371a","service":"backend","timestamp":"2026-01-28 21:07:08"}
{"level":"info","message":"GET /api/community/posts/feed","service":"backend","timestamp":"2026-01-28 21:07:09"}
{"level":"info","message":"GET /api/community/joined","service":"backend","timestamp":"2026-01-28 21:07:09"}
{"level":"info","message":"GET /api/creator/stats/45554222-652f-4eb5-b4e6-9ebc83a5371a","service":"backend","timestamp":"2026-01-28 21:07:10"}
{"level":"debug","message":"[getCreatorStats] userId=45554222-652f-4eb5-b4e6-9ebc83a5371a cacheKey=creator_stats:45554222-652f-4eb5-b4e6-9ebc83a5371a","service":"backend","timestamp":"2026-01-28 21:07:10"}
{"level":"debug","message":"[getCreatorStats] Cache miss -> fetching from Supabase for 45554222-652f-4eb5-b4e6-9ebc83a5371a","service":"backend","timestamp":"2026-01-28 21:07:10"}
{"level":"debug","message":"[getCreatorStats] Supabase fetch success, will cache key: creator_stats:45554222-652f-4eb5-b4e6-9ebc83a5371a","service":"backend","timestamp":"2026-01-28 21:07:11"}
{"level":"debug","message":"[getCreatorStats] Returning stats for userId=45554222-652f-4eb5-b4e6-9ebc83a5371a","service":"backend","timestamp":"2026-01-28 21:07:11"}
{"level":"info","message":"GET /api/profile/user/45554222-652f-4eb5-b4e6-9ebc83a5371a","service":"backend","timestamp":"2026-01-28 21:07:33"}
{"level":"debug","message":"[getProfile] id=45554222-652f-4eb5-b4e6-9ebc83a5371a cacheKey=profile:45554222-652f-4eb5-b4e6-9ebc83a5371a","service":"backend","timestamp":"2026-01-28 21:07:33"}
{"level":"debug","message":"[getProfile] Returning profile for id=45554222-652f-4eb5-b4e6-9ebc83a5371a","service":"backend","timestamp":"2026-01-28 21:07:33"}
{"level":"info","message":"GET /api/message","service":"backend","timestamp":"2026-01-28 21:07:35"}
{"level":"info","message":"GET /api/profile/user/45554222-652f-4eb5-b4e6-9ebc83a5371a","service":"backend","timestamp":"2026-01-28 21:09:03"}
{"level":"debug","message":"[getProfile] id=45554222-652f-4eb5-b4e6-9ebc83a5371a cacheKey=profile:45554222-652f-4eb5-b4e6-9ebc83a5371a","service":"backend","timestamp":"2026-01-28 21:09:03"}
{"level":"debug","message":"[getProfile] Returning profile for id=45554222-652f-4eb5-b4e6-9ebc83a5371a","service":"backend","timestamp":"2026-01-28 21:09:03"}
{"level":"info","message":"GET /api/profile/user/45554222-652f-4eb5-b4e6-9ebc83a5371a","service":"backend","timestamp":"2026-01-28 21:09:19"}
{"level":"debug","message":"[getProfile] id=45554222-652f-4eb5-b4e6-9ebc83a5371a cacheKey=profile:45554222-652f-4eb5-b4e6-9ebc83a5371a","service":"backend","timestamp":"2026-01-28 21:09:19"}
{"level":"debug","message":"[getProfile] Returning profile for id=45554222-652f-4eb5-b4e6-9ebc83a5371a","service":"backend","timestamp":"2026-01-28 21:09:19"}
{"level":"info","message":"GET /api/profile/user/45554222-652f-4eb5-b4e6-9ebc83a5371a","service":"backend","timestamp":"2026-01-28 21:10:45"}
{"level":"debug","message":"[getProfile] id=45554222-652f-4eb5-b4e6-9ebc83a5371a cacheKey=profile:45554222-652f-4eb5-b4e6-9ebc83a5371a","service":"backend","timestamp":"2026-01-28 21:10:45"}
{"level":"debug","message":"[getProfile] Returning profile for id=45554222-652f-4eb5-b4e6-9ebc83a5371a","service":"backend","timestamp":"2026-01-28 21:10:45"}
{"level":"info","message":"GET /api/profile/user/45554222-652f-4eb5-b4e6-9ebc83a5371a","service":"backend","timestamp":"2026-01-28 21:10:48"}
{"level":"debug","message":"[getProfile] id=45554222-652f-4eb5-b4e6-9ebc83a5371a cacheKey=profile:45554222-652f-4eb5-b4e6-9ebc83a5371a","service":"backend","timestamp":"2026-01-28 21:10:48"}
{"level":"debug","message":"[getProfile] Returning profile for id=45554222-652f-4eb5-b4e6-9ebc83a5371a","service":"backend","timestamp":"2026-01-28 21:10:48"}
{"level":"info","message":"GET /api/profile/user/45554222-652f-4eb5-b4e6-9ebc83a5371a","service":"backend","timestamp":"2026-01-28 21:10:49"}
{"level":"debug","message":"[getProfile] id=45554222-652f-4eb5-b4e6-9ebc83a5371a cacheKey=profile:45554222-652f-4eb5-b4e6-9ebc83a5371a","service":"backend","timestamp":"2026-01-28 21:10:49"}
{"level":"debug","message":"[getProfile] Returning profile for id=45554222-652f-4eb5-b4e6-9ebc83a5371a","service":"backend","timestamp":"2026-01-28 21:10:49"}
{"level":"info","message":"GET /api/profile/user/45554222-652f-4eb5-b4e6-9ebc83a5371a","service":"backend","timestamp":"2026-01-28 21:11:03"}
{"level":"debug","message":"[getProfile] id=45554222-652f-4eb5-b4e6-9ebc83a5371a cacheKey=profile:45554222-652f-4eb5-b4e6-9ebc83a5371a","service":"backend","timestamp":"2026-01-28 21:11:03"}
{"level":"debug","message":"[getProfile] Returning profile for id=45554222-652f-4eb5-b4e6-9ebc83a5371a","service":"backend","timestamp":"2026-01-28 21:11:03"}
{"level":"info","message":"GET /api/profile/user/45554222-652f-4eb5-b4e6-9ebc83a5371a","service":"backend","timestamp":"2026-01-28 21:12:31"}
{"level":"debug","message":"[getProfile] id=45554222-652f-4eb5-b4e6-9ebc83a5371a cacheKey=profile:45554222-652f-4eb5-b4e6-9ebc83a5371a","service":"backend","timestamp":"2026-01-28 21:12:31"}
{"level":"debug","message":"[getProfile] Returning profile for id=45554222-652f-4eb5-b4e6-9ebc83a5371a","service":"backend","timestamp":"2026-01-28 21:12:31"}
{"level":"info","message":"GET /api/profile/user/45554222-652f-4eb5-b4e6-9ebc83a5371a","service":"backend","timestamp":"2026-01-28 21:13:47"}
{"level":"debug","message":"[getProfile] id=45554222-652f-4eb5-b4e6-9ebc83a5371a cacheKey=profile:45554222-652f-4eb5-b4e6-9ebc83a5371a","service":"backend","timestamp":"2026-01-28 21:13:48"}
{"level":"debug","message":"[getProfile] Returning profile for id=45554222-652f-4eb5-b4e6-9ebc83a5371a","service":"backend","timestamp":"2026-01-28 21:13:48"}
{"level":"info","message":"GET /api/creator/stats/45554222-652f-4eb5-b4e6-9ebc83a5371a","service":"backend","timestamp":"2026-01-28 21:13:53"}
{"level":"info","message":"GET /api/community/discover","service":"backend","timestamp":"2026-01-28 21:13:53"}
{"level":"info","message":"GET /api/community/joined","service":"backend","timestamp":"2026-01-28 21:13:53"}
{"level":"info","message":"GET /api/community/posts/feed","service":"backend","timestamp":"2026-01-28 21:13:53"}
{"level":"debug","message":"[getCreatorStats] userId=45554222-652f-4eb5-b4e6-9ebc83a5371a cacheKey=creator_stats:45554222-652f-4eb5-b4e6-9ebc83a5371a","service":"backend","timestamp":"2026-01-28 21:13:53"}
{"level":"debug","message":"[getCreatorStats] Cache miss -> fetching from Supabase for 45554222-652f-4eb5-b4e6-9ebc83a5371a","service":"backend","timestamp":"2026-01-28 21:13:53"}
{"level":"debug","message":"[getCreatorStats] Supabase fetch success, will cache key: creator_stats:45554222-652f-4eb5-b4e6-9ebc83a5371a","service":"backend","timestamp":"2026-01-28 21:13:54"}
{"level":"debug","message":"[getCreatorStats] Returning stats for userId=45554222-652f-4eb5-b4e6-9ebc83a5371a","service":"backend","timestamp":"2026-01-28 21:13:54"}
{"level":"info","message":"GET /api/follow/following/45554222-652f-4eb5-b4e6-9ebc83a5371a","service":"backend","timestamp":"2026-01-28 21:13:55"}
{"level":"info","message":"GET /api/follow/followers/45554222-652f-4eb5-b4e6-9ebc83a5371a","service":"backend","timestamp":"2026-01-28 21:13:55"}
{"level":"info","message":"GET /api/profile/user/45554222-652f-4eb5-b4e6-9ebc83a5371a","service":"backend","timestamp":"2026-01-28 21:13:56"}
{"level":"debug","message":"[getProfile] id=45554222-652f-4eb5-b4e6-9ebc83a5371a cacheKey=profile:45554222-652f-4eb5-b4e6-9ebc83a5371a","service":"backend","timestamp":"2026-01-28 21:13:56"}
{"level":"debug","message":"[getProfile] Returning profile for id=45554222-652f-4eb5-b4e6-9ebc83a5371a","service":"backend","timestamp":"2026-01-28 21:13:56"}
{"level":"info","message":"GET /api/profile/user/45554222-652f-4eb5-b4e6-9ebc83a5371a","service":"backend","timestamp":"2026-01-28 21:14:55"}
{"level":"debug","message":"[getProfile] id=45554222-652f-4eb5-b4e6-9ebc83a5371a cacheKey=profile:45554222-652f-4eb5-b4e6-9ebc83a5371a","service":"backend","timestamp":"2026-01-28 21:14:56"}
{"level":"debug","message":"[getProfile] Returning profile for id=45554222-652f-4eb5-b4e6-9ebc83a5371a","service":"backend","timestamp":"2026-01-28 21:14:56"}
{"level":"info","message":"GET /api/creator/stats/45554222-652f-4eb5-b4e6-9ebc83a5371a","service":"backend","timestamp":"2026-01-28 21:18:48"}
{"level":"debug","message":"[getCreatorStats] userId=45554222-652f-4eb5-b4e6-9ebc83a5371a cacheKey=creator_stats:45554222-652f-4eb5-b4e6-9ebc83a5371a","service":"backend","timestamp":"2026-01-28 21:18:49"}
{"level":"debug","message":"[getCreatorStats] Cache miss -> fetching from Supabase for 45554222-652f-4eb5-b4e6-9ebc83a5371a","service":"backend","timestamp":"2026-01-28 21:18:49"}
{"level":"debug","message":"[getCreatorStats] Supabase fetch success, will cache key: creator_stats:45554222-652f-4eb5-b4e6-9ebc83a5371a","service":"backend","timestamp":"2026-01-28 21:18:49"}
{"level":"debug","message":"[getCreatorStats] Returning stats for userId=45554222-652f-4eb5-b4e6-9ebc83a5371a","service":"backend","timestamp":"2026-01-28 21:18:49"}
{"level":"info","message":"GET /api/community/joined","service":"backend","timestamp":"2026-01-28 21:21:01"}
{"level":"info","message":"GET /api/creator/stats/45554222-652f-4eb5-b4e6-9ebc83a5371a","service":"backend","timestamp":"2026-01-28 21:21:01"}
{"level":"info","message":"GET /api/profile/user/45554222-652f-4eb5-b4e6-9ebc83a5371a","service":"backend","timestamp":"2026-01-28 21:21:01"}
{"level":"info","message":"GET /api/community/discover","service":"backend","timestamp":"2026-01-28 21:21:01"}
{"level":"info","message":"GET /api/community/posts/feed","service":"backend","timestamp":"2026-01-28 21:21:01"}
{"level":"debug","message":"[getCreatorStats] userId=45554222-652f-4eb5-b4e6-9ebc83a5371a cacheKey=creator_stats:45554222-652f-4eb5-b4e6-9ebc83a5371a","service":"backend","timestamp":"2026-01-28 21:21:01"}
{"level":"debug","message":"[getCreatorStats] Cache miss -> fetching from Supabase for 45554222-652f-4eb5-b4e6-9ebc83a5371a","service":"backend","timestamp":"2026-01-28 21:21:01"}
{"level":"debug","message":"[getProfile] id=45554222-652f-4eb5-b4e6-9ebc83a5371a cacheKey=profile:45554222-652f-4eb5-b4e6-9ebc83a5371a","service":"backend","timestamp":"2026-01-28 21:21:01"}
{"level":"debug","message":"[getProfile] Returning profile for id=45554222-652f-4eb5-b4e6-9ebc83a5371a","service":"backend","timestamp":"2026-01-28 21:21:01"}
{"level":"debug","message":"[getCreatorStats] Supabase fetch success, will cache key: creator_stats:45554222-652f-4eb5-b4e6-9ebc83a5371a","service":"backend","timestamp":"2026-01-28 21:21:01"}
{"level":"debug","message":"[getCreatorStats] Returning stats for userId=45554222-652f-4eb5-b4e6-9ebc83a5371a","service":"backend","timestamp":"2026-01-28 21:21:01"}
{"level":"info","message":"GET /api/message","service":"backend","timestamp":"2026-01-28 21:21:02"}
{"level":"info","message":"GET /api/follow/followers/45554222-652f-4eb5-b4e6-9ebc83a5371a","service":"backend","timestamp":"2026-01-28 21:21:03"}
{"level":"info","message":"GET /api/profile/user/45554222-652f-4eb5-b4e6-9ebc83a5371a","service":"backend","timestamp":"2026-01-28 21:21:03"}
{"level":"info","message":"GET /api/follow/following/45554222-652f-4eb5-b4e6-9ebc83a5371a","service":"backend","timestamp":"2026-01-28 21:21:03"}
{"level":"debug","message":"[getProfile] id=45554222-652f-4eb5-b4e6-9ebc83a5371a cacheKey=profile:45554222-652f-4eb5-b4e6-9ebc83a5371a","service":"backend","timestamp":"2026-01-28 21:21:03"}
{"level":"debug","message":"[getProfile] Returning profile for id=45554222-652f-4eb5-b4e6-9ebc83a5371a","service":"backend","timestamp":"2026-01-28 21:21:03"}
{"level":"info","message":"GET /api/message/a9ecb506-defe-4041-b051-e45d27629685","service":"backend","timestamp":"2026-01-28 21:21:30"}
{"level":"info","message":"GET /api/message/22c3bdbb-17f1-4ace-8180-f931472ead72","service":"backend","timestamp":"2026-01-28 21:21:34"}
{"level":"info","message":"GET /api/profile/user/45554222-652f-4eb5-b4e6-9ebc83a5371a","service":"backend","timestamp":"2026-01-28 21:23:02"}
{"level":"debug","message":"[getProfile] id=45554222-652f-4eb5-b4e6-9ebc83a5371a cacheKey=profile:45554222-652f-4eb5-b4e6-9ebc83a5371a","service":"backend","timestamp":"2026-01-28 21:23:03"}
{"level":"debug","message":"[getProfile] Returning profile for id=45554222-652f-4eb5-b4e6-9ebc83a5371a","service":"backend","timestamp":"2026-01-28 21:23:03"}
{"level":"info","message":"GET /api/profile/user/45554222-652f-4eb5-b4e6-9ebc83a5371a","service":"backend","timestamp":"2026-01-28 21:25:02"}
{"level":"debug","message":"[getProfile] id=45554222-652f-4eb5-b4e6-9ebc83a5371a cacheKey=profile:45554222-652f-4eb5-b4e6-9ebc83a5371a","service":"backend","timestamp":"2026-01-28 21:25:02"}
{"level":"debug","message":"[getProfile] Returning profile for id=45554222-652f-4eb5-b4e6-9ebc83a5371a","service":"backend","timestamp":"2026-01-28 21:25:02"}
{"level":"info","message":"GET /api/profile/user/45554222-652f-4eb5-b4e6-9ebc83a5371a","service":"backend","timestamp":"2026-01-28 21:25:07"}
{"level":"debug","message":"[getProfile] id=45554222-652f-4eb5-b4e6-9ebc83a5371a cacheKey=profile:45554222-652f-4eb5-b4e6-9ebc83a5371a","service":"backend","timestamp":"2026-01-28 21:25:07"}
{"level":"debug","message":"[getProfile] Returning profile for id=45554222-652f-4eb5-b4e6-9ebc83a5371a","service":"backend","timestamp":"2026-01-28 21:25:07"}
{"level":"info","message":"GET /api/profile/user/45554222-652f-4eb5-b4e6-9ebc83a5371a","service":"backend","timestamp":"2026-01-28 21:27:25"}
{"level":"debug","message":"[getProfile] id=45554222-652f-4eb5-b4e6-9ebc83a5371a cacheKey=profile:45554222-652f-4eb5-b4e6-9ebc83a5371a","service":"backend","timestamp":"2026-01-28 21:27:26"}
{"level":"debug","message":"[getProfile] Returning profile for id=45554222-652f-4eb5-b4e6-9ebc83a5371a","service":"backend","timestamp":"2026-01-28 21:27:26"}
{"level":"info","message":"GET /api/profile/user/45554222-652f-4eb5-b4e6-9ebc83a5371a","service":"backend","timestamp":"2026-01-28 21:27:28"}
{"level":"debug","message":"[getProfile] id=45554222-652f-4eb5-b4e6-9ebc83a5371a cacheKey=profile:45554222-652f-4eb5-b4e6-9ebc83a5371a","service":"backend","timestamp":"2026-01-28 21:27:29"}
{"level":"debug","message":"[getProfile] Returning profile for id=45554222-652f-4eb5-b4e6-9ebc83a5371a","service":"backend","timestamp":"2026-01-28 21:27:29"}
{"level":"info","message":"GET /api/profile/user/45554222-652f-4eb5-b4e6-9ebc83a5371a","service":"backend","timestamp":"2026-01-28 21:27:29"}
{"level":"debug","message":"[getProfile] id=45554222-652f-4eb5-b4e6-9ebc83a5371a cacheKey=profile:45554222-652f-4eb5-b4e6-9ebc83a5371a","service":"backend","timestamp":"2026-01-28 21:27:30"}
{"level":"debug","message":"[getProfile] Returning profile for id=45554222-652f-4eb5-b4e6-9ebc83a5371a","service":"backend","timestamp":"2026-01-28 21:27:30"}
{"level":"info","message":"GET /api/community/joined","service":"backend","timestamp":"2026-01-28 21:27:54"}
{"level":"info","message":"GET /api/community/discover","service":"backend","timestamp":"2026-01-28 21:27:54"}
{"level":"info","message":"GET /api/creator/stats/45554222-652f-4eb5-b4e6-9ebc83a5371a","service":"backend","timestamp":"2026-01-28 21:27:54"}
{"level":"info","message":"GET /api/community/posts/feed","service":"backend","timestamp":"2026-01-28 21:27:54"}
{"level":"debug","message":"[getCreatorStats] userId=45554222-652f-4eb5-b4e6-9ebc83a5371a cacheKey=creator_stats:45554222-652f-4eb5-b4e6-9ebc83a5371a","service":"backend","timestamp":"2026-01-28 21:27:55"}
{"level":"debug","message":"[getCreatorStats] Cache miss -> fetching from Supabase for 45554222-652f-4eb5-b4e6-9ebc83a5371a","service":"backend","timestamp":"2026-01-28 21:27:55"}
{"level":"debug","message":"[getCreatorStats] Supabase fetch success, will cache key: creator_stats:45554222-652f-4eb5-b4e6-9ebc83a5371a","service":"backend","timestamp":"2026-01-28 21:27:55"}
{"level":"debug","message":"[getCreatorStats] Returning stats for userId=45554222-652f-4eb5-b4e6-9ebc83a5371a","service":"backend","timestamp":"2026-01-28 21:27:55"}
{"level":"info","message":"GET /api/follow/followers/45554222-652f-4eb5-b4e6-9ebc83a5371a","service":"backend","timestamp":"2026-01-28 21:27:56"}
{"level":"info","message":"GET /api/follow/following/45554222-652f-4eb5-b4e6-9ebc83a5371a","service":"backend","timestamp":"2026-01-28 21:27:56"}
{"level":"info","message":"GET /api/profile/user/45554222-652f-4eb5-b4e6-9ebc83a5371a","service":"backend","timestamp":"2026-01-28 21:27:57"}
{"level":"debug","message":"[getProfile] id=45554222-652f-4eb5-b4e6-9ebc83a5371a cacheKey=profile:45554222-652f-4eb5-b4e6-9ebc83a5371a","service":"backend","timestamp":"2026-01-28 21:27:57"}
{"level":"debug","message":"[getProfile] Returning profile for id=45554222-652f-4eb5-b4e6-9ebc83a5371a","service":"backend","timestamp":"2026-01-28 21:27:57"}
{"level":"info","message":"GET /api/community/posts/feed","service":"backend","timestamp":"2026-01-28 21:42:50"}
{"level":"info","message":"GET /api/profile/user/45554222-652f-4eb5-b4e6-9ebc83a5371a","service":"backend","timestamp":"2026-01-28 21:42:50"}
{"level":"info","message":"GET /api/creator/stats/45554222-652f-4eb5-b4e6-9ebc83a5371a","service":"backend","timestamp":"2026-01-28 21:42:50"}
{"level":"info","message":"GET /api/community/discover","service":"backend","timestamp":"2026-01-28 21:42:50"}
{"level":"info","message":"GET /api/community/joined","service":"backend","timestamp":"2026-01-28 21:42:50"}
{"level":"debug","message":"[getCreatorStats] userId=45554222-652f-4eb5-b4e6-9ebc83a5371a cacheKey=creator_stats:45554222-652f-4eb5-b4e6-9ebc83a5371a","service":"backend","timestamp":"2026-01-28 21:42:50"}
{"level":"debug","message":"[getCreatorStats] Cache miss -> fetching from Supabase for 45554222-652f-4eb5-b4e6-9ebc83a5371a","service":"backend","timestamp":"2026-01-28 21:42:50"}
{"level":"debug","message":"[getProfile] id=45554222-652f-4eb5-b4e6-9ebc83a5371a cacheKey=profile:45554222-652f-4eb5-b4e6-9ebc83a5371a","service":"backend","timestamp":"2026-01-28 21:42:50"}
{"level":"debug","message":"[getProfile] Returning profile for id=45554222-652f-4eb5-b4e6-9ebc83a5371a","service":"backend","timestamp":"2026-01-28 21:42:50"}
{"level":"debug","message":"[getCreatorStats] Supabase fetch success, will cache key: creator_stats:45554222-652f-4eb5-b4e6-9ebc83a5371a","service":"backend","timestamp":"2026-01-28 21:42:51"}
{"level":"debug","message":"[getCreatorStats] Returning stats for userId=45554222-652f-4eb5-b4e6-9ebc83a5371a","service":"backend","timestamp":"2026-01-28 21:42:51"}
{"level":"info","message":"GET /api/profile/user/45554222-652f-4eb5-b4e6-9ebc83a5371a","service":"backend","timestamp":"2026-01-28 21:42:53"}
{"level":"debug","message":"[getProfile] id=45554222-652f-4eb5-b4e6-9ebc83a5371a cacheKey=profile:45554222-652f-4eb5-b4e6-9ebc83a5371a","service":"backend","timestamp":"2026-01-28 21:42:53"}
{"level":"debug","message":"[getProfile] Returning profile for id=45554222-652f-4eb5-b4e6-9ebc83a5371a","service":"backend","timestamp":"2026-01-28 21:42:53"}
{"level":"info","message":"GET /api/message","service":"backend","timestamp":"2026-01-28 21:42:58"}
{"level":"info","message":"GET /api/follow/followers/45554222-652f-4eb5-b4e6-9ebc83a5371a","service":"backend","timestamp":"2026-01-28 21:43:05"}
{"level":"info","message":"GET /api/follow/following/45554222-652f-4eb5-b4e6-9ebc83a5371a","service":"backend","timestamp":"2026-01-28 21:43:05"}
{"level":"info","message":"GET /api/community/joined","service":"backend","timestamp":"2026-01-28 21:53:12"}
{"level":"info","message":"GET /api/community/discover","service":"backend","timestamp":"2026-01-28 21:53:12"}
{"level":"info","message":"GET /api/profile/user/45554222-652f-4eb5-b4e6-9ebc83a5371a","service":"backend","timestamp":"2026-01-28 21:53:12"}
{"level":"info","message":"GET /api/community/posts/feed","service":"backend","timestamp":"2026-01-28 21:53:12"}
{"level":"info","message":"GET /api/creator/stats/45554222-652f-4eb5-b4e6-9ebc83a5371a","service":"backend","timestamp":"2026-01-28 21:53:12"}
{"level":"debug","message":"[getProfile] id=45554222-652f-4eb5-b4e6-9ebc83a5371a cacheKey=profile:45554222-652f-4eb5-b4e6-9ebc83a5371a","service":"backend","timestamp":"2026-01-28 21:53:13"}
{"level":"debug","message":"[getProfile] Cache miss -> fetching from Supabase for 45554222-652f-4eb5-b4e6-9ebc83a5371a","service":"backend","timestamp":"2026-01-28 21:53:13"}
{"level":"debug","message":"[getCreatorStats] userId=45554222-652f-4eb5-b4e6-9ebc83a5371a cacheKey=creator_stats:45554222-652f-4eb5-b4e6-9ebc83a5371a","service":"backend","timestamp":"2026-01-28 21:53:13"}
{"level":"debug","message":"[getCreatorStats] Cache miss -> fetching from Supabase for 45554222-652f-4eb5-b4e6-9ebc83a5371a","service":"backend","timestamp":"2026-01-28 21:53:13"}
{"level":"debug","message":"[getProfile] Supabase fetch success, will cache key: profile:45554222-652f-4eb5-b4e6-9ebc83a5371a","service":"backend","timestamp":"2026-01-28 21:53:13"}
{"level":"debug","message":"[getProfile] Returning profile for id=45554222-652f-4eb5-b4e6-9ebc83a5371a","service":"backend","timestamp":"2026-01-28 21:53:13"}
{"level":"debug","message":"[getCreatorStats] Supabase fetch success, will cache key: creator_stats:45554222-652f-4eb5-b4e6-9ebc83a5371a","service":"backend","timestamp":"2026-01-28 21:53:13"}
{"level":"debug","message":"[getCreatorStats] Returning stats for userId=45554222-652f-4eb5-b4e6-9ebc83a5371a","service":"backend","timestamp":"2026-01-28 21:53:13"}
{"level":"info","message":"GET /api/follow/followers/45554222-652f-4eb5-b4e6-9ebc83a5371a","service":"backend","timestamp":"2026-01-28 21:53:14"}
{"level":"info","message":"GET /api/follow/following/45554222-652f-4eb5-b4e6-9ebc83a5371a","service":"backend","timestamp":"2026-01-28 21:53:14"}
{"level":"info","message":"GET /api/profile/user/45554222-652f-4eb5-b4e6-9ebc83a5371a","service":"backend","timestamp":"2026-01-28 21:53:27"}
{"level":"debug","message":"[getProfile] id=45554222-652f-4eb5-b4e6-9ebc83a5371a cacheKey=profile:45554222-652f-4eb5-b4e6-9ebc83a5371a","service":"backend","timestamp":"2026-01-28 21:53:27"}
{"level":"debug","message":"[getProfile] Returning profile for id=45554222-652f-4eb5-b4e6-9ebc83a5371a","service":"backend","timestamp":"2026-01-28 21:53:27"}
{"level":"info","message":"GET /api/profile/user/45554222-652f-4eb5-b4e6-9ebc83a5371a","service":"backend","timestamp":"2026-01-28 21:53:45"}
{"level":"info","message":"GET /api/profile/user/45554222-652f-4eb5-b4e6-9ebc83a5371a","service":"backend","timestamp":"2026-01-28 21:53:45"}
{"level":"debug","message":"[getProfile] id=45554222-652f-4eb5-b4e6-9ebc83a5371a cacheKey=profile:45554222-652f-4eb5-b4e6-9ebc83a5371a","service":"backend","timestamp":"2026-01-28 21:53:45"}
{"level":"debug","message":"[getProfile] Returning profile for id=45554222-652f-4eb5-b4e6-9ebc83a5371a","service":"backend","timestamp":"2026-01-28 21:53:45"}
{"level":"debug","message":"[getProfile] id=45554222-652f-4eb5-b4e6-9ebc83a5371a cacheKey=profile:45554222-652f-4eb5-b4e6-9ebc83a5371a","service":"backend","timestamp":"2026-01-28 21:53:46"}
{"level":"debug","message":"[getProfile] Returning profile for id=45554222-652f-4eb5-b4e6-9ebc83a5371a","service":"backend","timestamp":"2026-01-28 21:53:46"}
{"level":"info","message":"GET /api/profile/user/45554222-652f-4eb5-b4e6-9ebc83a5371a","service":"backend","timestamp":"2026-01-28 21:54:51"}
{"level":"info","message":"GET /api/profile/user/45554222-652f-4eb5-b4e6-9ebc83a5371a","service":"backend","timestamp":"2026-01-28 21:54:51"}
{"level":"debug","message":"[getProfile] id=45554222-652f-4eb5-b4e6-9ebc83a5371a cacheKey=profile:45554222-652f-4eb5-b4e6-9ebc83a5371a","service":"backend","timestamp":"2026-01-28 21:54:51"}
{"level":"debug","message":"[getProfile] Returning profile for id=45554222-652f-4eb5-b4e6-9ebc83a5371a","service":"backend","timestamp":"2026-01-28 21:54:51"}
{"level":"debug","message":"[getProfile] id=45554222-652f-4eb5-b4e6-9ebc83a5371a cacheKey=profile:45554222-652f-4eb5-b4e6-9ebc83a5371a","service":"backend","timestamp":"2026-01-28 21:54:51"}
{"level":"debug","message":"[getProfile] Returning profile for id=45554222-652f-4eb5-b4e6-9ebc83a5371a","service":"backend","timestamp":"2026-01-28 21:54:51"}
{"level":"info","message":"GET /api/profile/user/45554222-652f-4eb5-b4e6-9ebc83a5371a","service":"backend","timestamp":"2026-01-28 21:54:52"}
{"level":"debug","message":"[getProfile] id=45554222-652f-4eb5-b4e6-9ebc83a5371a cacheKey=profile:45554222-652f-4eb5-b4e6-9ebc83a5371a","service":"backend","timestamp":"2026-01-28 21:54:53"}
{"level":"debug","message":"[getProfile] Returning profile for id=45554222-652f-4eb5-b4e6-9ebc83a5371a","service":"backend","timestamp":"2026-01-28 21:54:53"}
{"level":"info","message":"GET /api/profile/user/45554222-652f-4eb5-b4e6-9ebc83a5371a","service":"backend","timestamp":"2026-01-28 21:54:59"}
{"level":"debug","message":"[getProfile] id=45554222-652f-4eb5-b4e6-9ebc83a5371a cacheKey=profile:45554222-652f-4eb5-b4e6-9ebc83a5371a","service":"backend","timestamp":"2026-01-28 21:54:59"}
{"level":"debug","message":"[getProfile] Returning profile for id=45554222-652f-4eb5-b4e6-9ebc83a5371a","service":"backend","timestamp":"2026-01-28 21:54:59"}
{"level":"info","message":"GET /api/profile/user/45554222-652f-4eb5-b4e6-9ebc83a5371a","service":"backend","timestamp":"2026-01-28 21:55:09"}
{"level":"debug","message":"[getProfile] id=45554222-652f-4eb5-b4e6-9ebc83a5371a cacheKey=profile:45554222-652f-4eb5-b4e6-9ebc83a5371a","service":"backend","timestamp":"2026-01-28 21:55:09"}
{"level":"debug","message":"[getProfile] Returning profile for id=45554222-652f-4eb5-b4e6-9ebc83a5371a","service":"backend","timestamp":"2026-01-28 21:55:09"}
{"level":"info","message":"GET /api/profile/user/45554222-652f-4eb5-b4e6-9ebc83a5371a","service":"backend","timestamp":"2026-01-28 21:55:12"}
{"level":"debug","message":"[getProfile] id=45554222-652f-4eb5-b4e6-9ebc83a5371a cacheKey=profile:45554222-652f-4eb5-b4e6-9ebc83a5371a","service":"backend","timestamp":"2026-01-28 21:55:12"}
{"level":"debug","message":"[getProfile] Returning profile for id=45554222-652f-4eb5-b4e6-9ebc83a5371a","service":"backend","timestamp":"2026-01-28 21:55:12"}
{"level":"info","message":"GET /api/profile/user/45554222-652f-4eb5-b4e6-9ebc83a5371a","service":"backend","timestamp":"2026-01-28 21:55:23"}
{"level":"debug","message":"[getProfile] id=45554222-652f-4eb5-b4e6-9ebc83a5371a cacheKey=profile:45554222-652f-4eb5-b4e6-9ebc83a5371a","service":"backend","timestamp":"2026-01-28 21:55:23"}
{"level":"debug","message":"[getProfile] Returning profile for id=45554222-652f-4eb5-b4e6-9ebc83a5371a","service":"backend","timestamp":"2026-01-28 21:55:23"}
{"level":"info","message":"GET /api/profile/user/45554222-652f-4eb5-b4e6-9ebc83a5371a","service":"backend","timestamp":"2026-01-28 21:55:45"}
{"level":"debug","message":"[getProfile] id=45554222-652f-4eb5-b4e6-9ebc83a5371a cacheKey=profile:45554222-652f-4eb5-b4e6-9ebc83a5371a","service":"backend","timestamp":"2026-01-28 21:55:45"}
{"level":"debug","message":"[getProfile] Returning profile for id=45554222-652f-4eb5-b4e6-9ebc83a5371a","service":"backend","timestamp":"2026-01-28 21:55:45"}
{"level":"info","message":"GET /api/profile/user/45554222-652f-4eb5-b4e6-9ebc83a5371a","service":"backend","timestamp":"2026-01-28 21:55:46"}
{"level":"debug","message":"[getProfile] id=45554222-652f-4eb5-b4e6-9ebc83a5371a cacheKey=profile:45554222-652f-4eb5-b4e6-9ebc83a5371a","service":"backend","timestamp":"2026-01-28 21:55:46"}
{"level":"debug","message":"[getProfile] Returning profile for id=45554222-652f-4eb5-b4e6-9ebc83a5371a","service":"backend","timestamp":"2026-01-28 21:55:46"}
{"level":"info","message":"GET /api/profile/user/45554222-652f-4eb5-b4e6-9ebc83a5371a","service":"backend","timestamp":"2026-01-28 21:55:48"}
{"level":"debug","message":"[getProfile] id=45554222-652f-4eb5-b4e6-9ebc83a5371a cacheKey=profile:45554222-652f-4eb5-b4e6-9ebc83a5371a","service":"backend","timestamp":"2026-01-28 21:55:48"}
{"level":"debug","message":"[getProfile] Returning profile for id=45554222-652f-4eb5-b4e6-9ebc83a5371a","service":"backend","timestamp":"2026-01-28 21:55:48"}
{"level":"info","message":"GET /api/profile/user/45554222-652f-4eb5-b4e6-9ebc83a5371a","service":"backend","timestamp":"2026-01-28 21:56:00"}
{"level":"info","message":"GET /api/profile/user/45554222-652f-4eb5-b4e6-9ebc83a5371a","service":"backend","timestamp":"2026-01-28 21:56:00"}
{"level":"info","message":"GET /api/profile/user/45554222-652f-4eb5-b4e6-9ebc83a5371a","service":"backend","timestamp":"2026-01-28 21:56:03"}
{"level":"debug","message":"[getProfile] id=45554222-652f-4eb5-b4e6-9ebc83a5371a cacheKey=profile:45554222-652f-4eb5-b4e6-9ebc83a5371a","service":"backend","timestamp":"2026-01-28 21:56:05"}
{"level":"debug","message":"[getProfile] Returning profile for id=45554222-652f-4eb5-b4e6-9ebc83a5371a","service":"backend","timestamp":"2026-01-28 21:56:05"}
{"level":"debug","message":"[getProfile] id=45554222-652f-4eb5-b4e6-9ebc83a5371a cacheKey=profile:45554222-652f-4eb5-b4e6-9ebc83a5371a","service":"backend","timestamp":"2026-01-28 21:56:05"}
{"level":"debug","message":"[getProfile] Returning profile for id=45554222-652f-4eb5-b4e6-9ebc83a5371a","service":"backend","timestamp":"2026-01-28 21:56:05"}
{"level":"debug","message":"[getProfile] id=45554222-652f-4eb5-b4e6-9ebc83a5371a cacheKey=profile:45554222-652f-4eb5-b4e6-9ebc83a5371a","service":"backend","timestamp":"2026-01-28 21:56:05"}
{"level":"debug","message":"[getProfile] Returning profile for id=45554222-652f-4eb5-b4e6-9ebc83a5371a","service":"backend","timestamp":"2026-01-28 21:56:05"}
{"level":"info","message":"GET /api/profile/user/45554222-652f-4eb5-b4e6-9ebc83a5371a","service":"backend","timestamp":"2026-01-28 21:56:18"}
{"level":"info","message":"GET /api/profile/user/45554222-652f-4eb5-b4e6-9ebc83a5371a","service":"backend","timestamp":"2026-01-28 21:56:18"}
{"level":"info","message":"GET /api/profile/user/45554222-652f-4eb5-b4e6-9ebc83a5371a","service":"backend","timestamp":"2026-01-28 21:56:18"}
{"level":"debug","message":"[getProfile] id=45554222-652f-4eb5-b4e6-9ebc83a5371a cacheKey=profile:45554222-652f-4eb5-b4e6-9ebc83a5371a","service":"backend","timestamp":"2026-01-28 21:56:18"}
{"level":"debug","message":"[getProfile] id=45554222-652f-4eb5-b4e6-9ebc83a5371a cacheKey=profile:45554222-652f-4eb5-b4e6-9ebc83a5371a","service":"backend","timestamp":"2026-01-28 21:56:18"}
{"level":"debug","message":"[getProfile] id=45554222-652f-4eb5-b4e6-9ebc83a5371a cacheKey=profile:45554222-652f-4eb5-b4e6-9ebc83a5371a","service":"backend","timestamp":"2026-01-28 21:56:18"}
{"level":"debug","message":"[getProfile] Returning profile for id=45554222-652f-4eb5-b4e6-9ebc83a5371a","service":"backend","timestamp":"2026-01-28 21:56:18"}
{"level":"debug","message":"[getProfile] Returning profile for id=45554222-652f-4eb5-b4e6-9ebc83a5371a","service":"backend","timestamp":"2026-01-28 21:56:18"}
{"level":"debug","message":"[getProfile] Returning profile for id=45554222-652f-4eb5-b4e6-9ebc83a5371a","service":"backend","timestamp":"2026-01-28 21:56:18"}
{"level":"info","message":"GET /api/profile/user/45554222-652f-4eb5-b4e6-9ebc83a5371a","service":"backend","timestamp":"2026-01-28 21:56:20"}
{"level":"debug","message":"[getProfile] id=45554222-652f-4eb5-b4e6-9ebc83a5371a cacheKey=profile:45554222-652f-4eb5-b4e6-9ebc83a5371a","service":"backend","timestamp":"2026-01-28 21:56:20"}
{"level":"debug","message":"[getProfile] Returning profile for id=45554222-652f-4eb5-b4e6-9ebc83a5371a","service":"backend","timestamp":"2026-01-28 21:56:20"}
{"level":"info","message":"GET /api/profile/user/45554222-652f-4eb5-b4e6-9ebc83a5371a","service":"backend","timestamp":"2026-01-28 21:57:08"}
{"level":"debug","message":"[getProfile] id=45554222-652f-4eb5-b4e6-9ebc83a5371a cacheKey=profile:45554222-652f-4eb5-b4e6-9ebc83a5371a","service":"backend","timestamp":"2026-01-28 21:57:08"}
{"level":"debug","message":"[getProfile] Returning profile for id=45554222-652f-4eb5-b4e6-9ebc83a5371a","service":"backend","timestamp":"2026-01-28 21:57:08"}
{"level":"info","message":"GET /api/profile/user/45554222-652f-4eb5-b4e6-9ebc83a5371a","service":"backend","timestamp":"2026-01-28 22:00:47"}
{"level":"debug","message":"[getProfile] id=45554222-652f-4eb5-b4e6-9ebc83a5371a cacheKey=profile:45554222-652f-4eb5-b4e6-9ebc83a5371a","service":"backend","timestamp":"2026-01-28 22:00:47"}
{"level":"debug","message":"[getProfile] Returning profile for id=45554222-652f-4eb5-b4e6-9ebc83a5371a","service":"backend","timestamp":"2026-01-28 22:00:47"}
{"level":"info","message":"GET /api/profile/user/45554222-652f-4eb5-b4e6-9ebc83a5371a","service":"backend","timestamp":"2026-01-28 22:00:48"}
{"level":"debug","message":"[getProfile] id=45554222-652f-4eb5-b4e6-9ebc83a5371a cacheKey=profile:45554222-652f-4eb5-b4e6-9ebc83a5371a","service":"backend","timestamp":"2026-01-28 22:00:48"}
{"level":"debug","message":"[getProfile] Returning profile for id=45554222-652f-4eb5-b4e6-9ebc83a5371a","service":"backend","timestamp":"2026-01-28 22:00:48"}
{"level":"info","message":"GET /api/profile/user/45554222-652f-4eb5-b4e6-9ebc83a5371a","service":"backend","timestamp":"2026-01-28 22:00:51"}
{"level":"debug","message":"[getProfile] id=45554222-652f-4eb5-b4e6-9ebc83a5371a cacheKey=profile:45554222-652f-4eb5-b4e6-9ebc83a5371a","service":"backend","timestamp":"2026-01-28 22:00:51"}
{"level":"debug","message":"[getProfile] Returning profile for id=45554222-652f-4eb5-b4e6-9ebc83a5371a","service":"backend","timestamp":"2026-01-28 22:00:51"}
{"level":"info","message":"GET /api/profile/user/45554222-652f-4eb5-b4e6-9ebc83a5371a","service":"backend","timestamp":"2026-01-28 22:00:52"}
{"level":"debug","message":"[getProfile] id=45554222-652f-4eb5-b4e6-9ebc83a5371a cacheKey=profile:45554222-652f-4eb5-b4e6-9ebc83a5371a","service":"backend","timestamp":"2026-01-28 22:00:52"}
{"level":"debug","message":"[getProfile] Returning profile for id=45554222-652f-4eb5-b4e6-9ebc83a5371a","service":"backend","timestamp":"2026-01-28 22:00:52"}
{"level":"info","message":"GET /api/community/joined","service":"backend","timestamp":"2026-01-28 22:01:01"}
{"level":"info","message":"GET /api/community/discover","service":"backend","timestamp":"2026-01-28 22:01:01"}
{"level":"info","message":"GET /api/community/posts/feed","service":"backend","timestamp":"2026-01-28 22:01:01"}
{"level":"info","message":"GET /api/creator/stats/45554222-652f-4eb5-b4e6-9ebc83a5371a","service":"backend","timestamp":"2026-01-28 22:01:01"}
{"level":"debug","message":"[getCreatorStats] userId=45554222-652f-4eb5-b4e6-9ebc83a5371a cacheKey=creator_stats:45554222-652f-4eb5-b4e6-9ebc83a5371a","service":"backend","timestamp":"2026-01-28 22:01:02"}
{"level":"debug","message":"[getCreatorStats] Cache miss -> fetching from Supabase for 45554222-652f-4eb5-b4e6-9ebc83a5371a","service":"backend","timestamp":"2026-01-28 22:01:02"}
{"level":"debug","message":"[getCreatorStats] Supabase fetch success, will cache key: creator_stats:45554222-652f-4eb5-b4e6-9ebc83a5371a","service":"backend","timestamp":"2026-01-28 22:01:02"}
{"level":"debug","message":"[getCreatorStats] Returning stats for userId=45554222-652f-4eb5-b4e6-9ebc83a5371a","service":"backend","timestamp":"2026-01-28 22:01:02"}
{"level":"info","message":"GET /api/profile/user/45554222-652f-4eb5-b4e6-9ebc83a5371a","service":"backend","timestamp":"2026-01-28 22:01:03"}
{"level":"debug","message":"[getProfile] id=45554222-652f-4eb5-b4e6-9ebc83a5371a cacheKey=profile:45554222-652f-4eb5-b4e6-9ebc83a5371a","service":"backend","timestamp":"2026-01-28 22:01:04"}
{"level":"debug","message":"[getProfile] Returning profile for id=45554222-652f-4eb5-b4e6-9ebc83a5371a","service":"backend","timestamp":"2026-01-28 22:01:04"}
{"level":"info","message":"GET /api/follow/following/45554222-652f-4eb5-b4e6-9ebc83a5371a","service":"backend","timestamp":"2026-01-28 22:01:06"}
{"level":"info","message":"GET /api/follow/followers/45554222-652f-4eb5-b4e6-9ebc83a5371a","service":"backend","timestamp":"2026-01-28 22:01:06"}
{"level":"info","message":"GET /api/profile/user/45554222-652f-4eb5-b4e6-9ebc83a5371a","service":"backend","timestamp":"2026-01-28 22:01:34"}
{"level":"debug","message":"[getProfile] id=45554222-652f-4eb5-b4e6-9ebc83a5371a cacheKey=profile:45554222-652f-4eb5-b4e6-9ebc83a5371a","service":"backend","timestamp":"2026-01-28 22:01:34"}
{"level":"debug","message":"[getProfile] Returning profile for id=45554222-652f-4eb5-b4e6-9ebc83a5371a","service":"backend","timestamp":"2026-01-28 22:01:34"}
{"level":"info","message":"GET /api/creator/stats/45554222-652f-4eb5-b4e6-9ebc83a5371a","service":"backend","timestamp":"2026-01-28 22:02:31"}
{"level":"debug","message":"[getCreatorStats] userId=45554222-652f-4eb5-b4e6-9ebc83a5371a cacheKey=creator_stats:45554222-652f-4eb5-b4e6-9ebc83a5371a","service":"backend","timestamp":"2026-01-28 22:02:31"}
{"level":"debug","message":"[getCreatorStats] Cache miss -> fetching from Supabase for 45554222-652f-4eb5-b4e6-9ebc83a5371a","service":"backend","timestamp":"2026-01-28 22:02:31"}
{"level":"debug","message":"[getCreatorStats] Supabase fetch success, will cache key: creator_stats:45554222-652f-4eb5-b4e6-9ebc83a5371a","service":"backend","timestamp":"2026-01-28 22:02:32"}
{"level":"debug","message":"[getCreatorStats] Returning stats for userId=45554222-652f-4eb5-b4e6-9ebc83a5371a","service":"backend","timestamp":"2026-01-28 22:02:32"}
{"level":"info","message":"GET /api/profile/user/45554222-652f-4eb5-b4e6-9ebc83a5371a","service":"backend","timestamp":"2026-01-28 22:02:33"}
{"level":"debug","message":"[getProfile] id=45554222-652f-4eb5-b4e6-9ebc83a5371a cacheKey=profile:45554222-652f-4eb5-b4e6-9ebc83a5371a","service":"backend","timestamp":"2026-01-28 22:02:33"}
{"level":"debug","message":"[getProfile] Returning profile for id=45554222-652f-4eb5-b4e6-9ebc83a5371a","service":"backend","timestamp":"2026-01-28 22:02:33"}
{"level":"info","message":"GET /api/message","service":"backend","timestamp":"2026-01-28 22:02:56"}
{"level":"info","message":"GET /api/creator/stats/45554222-652f-4eb5-b4e6-9ebc83a5371a","service":"backend","timestamp":"2026-01-28 22:04:16"}
{"level":"debug","message":"[getCreatorStats] userId=45554222-652f-4eb5-b4e6-9ebc83a5371a cacheKey=creator_stats:45554222-652f-4eb5-b4e6-9ebc83a5371a","service":"backend","timestamp":"2026-01-28 22:04:17"}
{"level":"debug","message":"[getCreatorStats] Cache miss -> fetching from Supabase for 45554222-652f-4eb5-b4e6-9ebc83a5371a","service":"backend","timestamp":"2026-01-28 22:04:17"}
{"level":"debug","message":"[getCreatorStats] Supabase fetch success, will cache key: creator_stats:45554222-652f-4eb5-b4e6-9ebc83a5371a","service":"backend","timestamp":"2026-01-28 22:04:17"}
{"level":"debug","message":"[getCreatorStats] Returning stats for userId=45554222-652f-4eb5-b4e6-9ebc83a5371a","service":"backend","timestamp":"2026-01-28 22:04:17"}
{"level":"info","message":"GET /api/profile/user/45554222-652f-4eb5-b4e6-9ebc83a5371a","service":"backend","timestamp":"2026-01-28 22:04:18"}
{"level":"debug","message":"[getProfile] id=45554222-652f-4eb5-b4e6-9ebc83a5371a cacheKey=profile:45554222-652f-4eb5-b4e6-9ebc83a5371a","service":"backend","timestamp":"2026-01-28 22:04:19"}
{"level":"debug","message":"[getProfile] Returning profile for id=45554222-652f-4eb5-b4e6-9ebc83a5371a","service":"backend","timestamp":"2026-01-28 22:04:19"}
{"level":"info","message":"GET /api/profile/user/45554222-652f-4eb5-b4e6-9ebc83a5371a","service":"backend","timestamp":"2026-01-28 22:05:20"}
{"level":"debug","message":"[getProfile] id=45554222-652f-4eb5-b4e6-9ebc83a5371a cacheKey=profile:45554222-652f-4eb5-b4e6-9ebc83a5371a","service":"backend","timestamp":"2026-01-28 22:05:20"}
{"level":"debug","message":"[getProfile] Returning profile for id=45554222-652f-4eb5-b4e6-9ebc83a5371a","service":"backend","timestamp":"2026-01-28 22:05:20"}
{"level":"info","message":"GET /api/profile/user/45554222-652f-4eb5-b4e6-9ebc83a5371a","service":"backend","timestamp":"2026-01-28 22:06:24"}
{"level":"debug","message":"[getProfile] id=45554222-652f-4eb5-b4e6-9ebc83a5371a cacheKey=profile:45554222-652f-4eb5-b4e6-9ebc83a5371a","service":"backend","timestamp":"2026-01-28 22:06:24"}
{"level":"debug","message":"[getProfile] Returning profile for id=45554222-652f-4eb5-b4e6-9ebc83a5371a","service":"backend","timestamp":"2026-01-28 22:06:24"}
{"level":"info","message":"GET /api/profile/user/45554222-652f-4eb5-b4e6-9ebc83a5371a","service":"backend","timestamp":"2026-01-28 22:06:25"}
{"level":"debug","message":"[getProfile] id=45554222-652f-4eb5-b4e6-9ebc83a5371a cacheKey=profile:45554222-652f-4eb5-b4e6-9ebc83a5371a","service":"backend","timestamp":"2026-01-28 22:06:25"}
{"level":"debug","message":"[getProfile] Returning profile for id=45554222-652f-4eb5-b4e6-9ebc83a5371a","service":"backend","timestamp":"2026-01-28 22:06:25"}
{"level":"info","message":"GET /api/profile/user/45554222-652f-4eb5-b4e6-9ebc83a5371a","service":"backend","timestamp":"2026-01-28 22:06:28"}
{"level":"debug","message":"[getProfile] id=45554222-652f-4eb5-b4e6-9ebc83a5371a cacheKey=profile:45554222-652f-4eb5-b4e6-9ebc83a5371a","service":"backend","timestamp":"2026-01-28 22:06:28"}
{"level":"debug","message":"[getProfile] Returning profile for id=45554222-652f-4eb5-b4e6-9ebc83a5371a","service":"backend","timestamp":"2026-01-28 22:06:28"}
{"level":"info","message":"GET /api/community/joined","service":"backend","timestamp":"2026-01-28 22:06:33"}
{"level":"info","message":"GET /api/community/posts/feed","service":"backend","timestamp":"2026-01-28 22:06:33"}
{"level":"info","message":"GET /api/community/discover","service":"backend","timestamp":"2026-01-28 22:06:33"}
{"level":"info","message":"GET /api/creator/stats/45554222-652f-4eb5-b4e6-9ebc83a5371a","service":"backend","timestamp":"2026-01-28 22:06:33"}
{"level":"debug","message":"[getCreatorStats] userId=45554222-652f-4eb5-b4e6-9ebc83a5371a cacheKey=creator_stats:45554222-652f-4eb5-b4e6-9ebc83a5371a","service":"backend","timestamp":"2026-01-28 22:06:33"}
{"level":"debug","message":"[getCreatorStats] Cache miss -> fetching from Supabase for 45554222-652f-4eb5-b4e6-9ebc83a5371a","service":"backend","timestamp":"2026-01-28 22:06:33"}
{"level":"debug","message":"[getCreatorStats] Supabase fetch success, will cache key: creator_stats:45554222-652f-4eb5-b4e6-9ebc83a5371a","service":"backend","timestamp":"2026-01-28 22:06:34"}
{"level":"debug","message":"[getCreatorStats] Returning stats for userId=45554222-652f-4eb5-b4e6-9ebc83a5371a","service":"backend","timestamp":"2026-01-28 22:06:34"}
{"level":"info","message":"GET /api/follow/followers/45554222-652f-4eb5-b4e6-9ebc83a5371a","service":"backend","timestamp":"2026-01-28 22:06:34"}
{"level":"info","message":"GET /api/follow/following/45554222-652f-4eb5-b4e6-9ebc83a5371a","service":"backend","timestamp":"2026-01-28 22:06:34"}
{"level":"info","message":"GET /api/profile/user/45554222-652f-4eb5-b4e6-9ebc83a5371a","service":"backend","timestamp":"2026-01-28 22:06:34"}
{"level":"debug","message":"[getProfile] id=45554222-652f-4eb5-b4e6-9ebc83a5371a cacheKey=profile:45554222-652f-4eb5-b4e6-9ebc83a5371a","service":"backend","timestamp":"2026-01-28 22:06:35"}
{"level":"debug","message":"[getProfile] Returning profile for id=45554222-652f-4eb5-b4e6-9ebc83a5371a","service":"backend","timestamp":"2026-01-28 22:06:35"}
{"level":"info","message":"GET /api/profile/user/45554222-652f-4eb5-b4e6-9ebc83a5371a","service":"backend","timestamp":"2026-01-28 22:06:44"}
{"level":"debug","message":"[getProfile] id=45554222-652f-4eb5-b4e6-9ebc83a5371a cacheKey=profile:45554222-652f-4eb5-b4e6-9ebc83a5371a","service":"backend","timestamp":"2026-01-28 22:06:44"}
{"level":"debug","message":"[getProfile] Returning profile for id=45554222-652f-4eb5-b4e6-9ebc83a5371a","service":"backend","timestamp":"2026-01-28 22:06:44"}
{"level":"info","message":"GET /api/profile/user/45554222-652f-4eb5-b4e6-9ebc83a5371a","service":"backend","timestamp":"2026-01-28 22:07:14"}
{"level":"info","message":"GET /api/profile/user/45554222-652f-4eb5-b4e6-9ebc83a5371a","service":"backend","timestamp":"2026-01-28 22:07:15"}
{"level":"debug","message":"[getProfile] id=45554222-652f-4eb5-b4e6-9ebc83a5371a cacheKey=profile:45554222-652f-4eb5-b4e6-9ebc83a5371a","service":"backend","timestamp":"2026-01-28 22:07:15"}
{"level":"debug","message":"[getProfile] id=45554222-652f-4eb5-b4e6-9ebc83a5371a cacheKey=profile:45554222-652f-4eb5-b4e6-9ebc83a5371a","service":"backend","timestamp":"2026-01-28 22:07:15"}
{"level":"debug","message":"[getProfile] Returning profile for id=45554222-652f-4eb5-b4e6-9ebc83a5371a","service":"backend","timestamp":"2026-01-28 22:07:15"}
{"level":"debug","message":"[getProfile] Returning profile for id=45554222-652f-4eb5-b4e6-9ebc83a5371a","service":"backend","timestamp":"2026-01-28 22:07:15"}
{"level":"info","message":"GET /api/profile/user/45554222-652f-4eb5-b4e6-9ebc83a5371a","service":"backend","timestamp":"2026-01-28 22:07:47"}
{"level":"debug","message":"[getProfile] id=45554222-652f-4eb5-b4e6-9ebc83a5371a cacheKey=profile:45554222-652f-4eb5-b4e6-9ebc83a5371a","service":"backend","timestamp":"2026-01-28 22:07:47"}
{"level":"debug","message":"[getProfile] Returning profile for id=45554222-652f-4eb5-b4e6-9ebc83a5371a","service":"backend","timestamp":"2026-01-28 22:07:47"}
{"level":"info","message":"GET /api/creator/stats/45554222-652f-4eb5-b4e6-9ebc83a5371a","service":"backend","timestamp":"2026-01-28 22:44:27"}
{"level":"info","message":"GET /api/community/discover","service":"backend","timestamp":"2026-01-28 22:44:27"}
{"level":"info","message":"GET /api/community/joined","service":"backend","timestamp":"2026-01-28 22:44:27"}
{"level":"info","message":"GET /api/community/posts/feed","service":"backend","timestamp":"2026-01-28 22:44:27"}
{"level":"info","message":"GET /api/profile/user/45554222-652f-4eb5-b4e6-9ebc83a5371a","service":"backend","timestamp":"2026-01-28 22:44:27"}
{"level":"debug","message":"[getCreatorStats] userId=45554222-652f-4eb5-b4e6-9ebc83a5371a cacheKey=creator_stats:45554222-652f-4eb5-b4e6-9ebc83a5371a","service":"backend","timestamp":"2026-01-28 22:44:28"}
{"level":"debug","message":"[getCreatorStats] Cache miss -> fetching from Supabase for 45554222-652f-4eb5-b4e6-9ebc83a5371a","service":"backend","timestamp":"2026-01-28 22:44:28"}
{"level":"debug","message":"[getProfile] id=45554222-652f-4eb5-b4e6-9ebc83a5371a cacheKey=profile:45554222-652f-4eb5-b4e6-9ebc83a5371a","service":"backend","timestamp":"2026-01-28 22:44:28"}
{"level":"debug","message":"[getProfile] Returning profile for id=45554222-652f-4eb5-b4e6-9ebc83a5371a","service":"backend","timestamp":"2026-01-28 22:44:28"}
{"level":"debug","message":"[getCreatorStats] Supabase fetch success, will cache key: creator_stats:45554222-652f-4eb5-b4e6-9ebc83a5371a","service":"backend","timestamp":"2026-01-28 22:44:28"}
{"level":"debug","message":"[getCreatorStats] Returning stats for userId=45554222-652f-4eb5-b4e6-9ebc83a5371a","service":"backend","timestamp":"2026-01-28 22:44:28"}
{"level":"info","message":"GET /api/follow/followers/45554222-652f-4eb5-b4e6-9ebc83a5371a","service":"backend","timestamp":"2026-01-28 22:44:36"}
{"level":"info","message":"GET /api/follow/following/45554222-652f-4eb5-b4e6-9ebc83a5371a","service":"backend","timestamp":"2026-01-28 22:44:36"}
{"level":"info","message":"GET /api/profile/user/45554222-652f-4eb5-b4e6-9ebc83a5371a","service":"backend","timestamp":"2026-01-28 22:44:44"}
{"level":"debug","message":"[getProfile] id=45554222-652f-4eb5-b4e6-9ebc83a5371a cacheKey=profile:45554222-652f-4eb5-b4e6-9ebc83a5371a","service":"backend","timestamp":"2026-01-28 22:44:44"}
{"level":"debug","message":"[getProfile] Returning profile for id=45554222-652f-4eb5-b4e6-9ebc83a5371a","service":"backend","timestamp":"2026-01-28 22:44:44"}
{"level":"info","message":"GET /api/profile/user/45554222-652f-4eb5-b4e6-9ebc83a5371a","service":"backend","timestamp":"2026-01-28 22:47:02"}
{"level":"debug","message":"[getProfile] id=45554222-652f-4eb5-b4e6-9ebc83a5371a cacheKey=profile:45554222-652f-4eb5-b4e6-9ebc83a5371a","service":"backend","timestamp":"2026-01-28 22:47:03"}
{"level":"debug","message":"[getProfile] Returning profile for id=45554222-652f-4eb5-b4e6-9ebc83a5371a","service":"backend","timestamp":"2026-01-28 22:47:03"}
{"level":"info","message":"GET /api/profile/user/45554222-652f-4eb5-b4e6-9ebc83a5371a","service":"backend","timestamp":"2026-01-28 22:47:05"}
{"level":"debug","message":"[getProfile] id=45554222-652f-4eb5-b4e6-9ebc83a5371a cacheKey=profile:45554222-652f-4eb5-b4e6-9ebc83a5371a","service":"backend","timestamp":"2026-01-28 22:47:05"}
{"level":"debug","message":"[getProfile] Returning profile for id=45554222-652f-4eb5-b4e6-9ebc83a5371a","service":"backend","timestamp":"2026-01-28 22:47:05"}
{"level":"info","message":"GET /api/profile/user/45554222-652f-4eb5-b4e6-9ebc83a5371a","service":"backend","timestamp":"2026-01-28 22:47:06"}
{"level":"debug","message":"[getProfile] id=45554222-652f-4eb5-b4e6-9ebc83a5371a cacheKey=profile:45554222-652f-4eb5-b4e6-9ebc83a5371a","service":"backend","timestamp":"2026-01-28 22:47:06"}
{"level":"debug","message":"[getProfile] Returning profile for id=45554222-652f-4eb5-b4e6-9ebc83a5371a","service":"backend","timestamp":"2026-01-28 22:47:06"}
{"level":"info","message":"GET /api/creator/stats/45554222-652f-4eb5-b4e6-9ebc83a5371a","service":"backend","timestamp":"2026-01-28 22:47:13"}
{"level":"debug","message":"[getCreatorStats] userId=45554222-652f-4eb5-b4e6-9ebc83a5371a cacheKey=creator_stats:45554222-652f-4eb5-b4e6-9ebc83a5371a","service":"backend","timestamp":"2026-01-28 22:47:13"}
{"level":"debug","message":"[getCreatorStats] Cache miss -> fetching from Supabase for 45554222-652f-4eb5-b4e6-9ebc83a5371a","service":"backend","timestamp":"2026-01-28 22:47:13"}
{"level":"debug","message":"[getCreatorStats] Supabase fetch success, will cache key: creator_stats:45554222-652f-4eb5-b4e6-9ebc83a5371a","service":"backend","timestamp":"2026-01-28 22:47:14"}
{"level":"debug","message":"[getCreatorStats] Returning stats for userId=45554222-652f-4eb5-b4e6-9ebc83a5371a","service":"backend","timestamp":"2026-01-28 22:47:14"}
{"level":"info","message":"GET /api/profile/user/45554222-652f-4eb5-b4e6-9ebc83a5371a","service":"backend","timestamp":"2026-01-28 22:47:15"}
{"level":"debug","message":"[getProfile] id=45554222-652f-4eb5-b4e6-9ebc83a5371a cacheKey=profile:45554222-652f-4eb5-b4e6-9ebc83a5371a","service":"backend","timestamp":"2026-01-28 22:47:15"}
{"level":"debug","message":"[getProfile] Returning profile for id=45554222-652f-4eb5-b4e6-9ebc83a5371a","service":"backend","timestamp":"2026-01-28 22:47:15"}
{"level":"info","message":"GET /api/profile/user/45554222-652f-4eb5-b4e6-9ebc83a5371a","service":"backend","timestamp":"2026-01-28 22:47:29"}
{"level":"debug","message":"[getProfile] id=45554222-652f-4eb5-b4e6-9ebc83a5371a cacheKey=profile:45554222-652f-4eb5-b4e6-9ebc83a5371a","service":"backend","timestamp":"2026-01-28 22:47:29"}
{"level":"debug","message":"[getProfile] Returning profile for id=45554222-652f-4eb5-b4e6-9ebc83a5371a","service":"backend","timestamp":"2026-01-28 22:47:29"}
{"level":"info","message":"GET /api/profile/user/45554222-652f-4eb5-b4e6-9ebc83a5371a","service":"backend","timestamp":"2026-01-28 22:48:32"}
{"level":"debug","message":"[getProfile] id=45554222-652f-4eb5-b4e6-9ebc83a5371a cacheKey=profile:45554222-652f-4eb5-b4e6-9ebc83a5371a","service":"backend","timestamp":"2026-01-28 22:48:32"}
{"level":"debug","message":"[getProfile] Returning profile for id=45554222-652f-4eb5-b4e6-9ebc83a5371a","service":"backend","timestamp":"2026-01-28 22:48:32"}
{"level":"info","message":"GET /api/profile/user/45554222-652f-4eb5-b4e6-9ebc83a5371a","service":"backend","timestamp":"2026-01-28 22:48:32"}
{"level":"debug","message":"[getProfile] id=45554222-652f-4eb5-b4e6-9ebc83a5371a cacheKey=profile:45554222-652f-4eb5-b4e6-9ebc83a5371a","service":"backend","timestamp":"2026-01-28 22:48:33"}
{"level":"debug","message":"[getProfile] Returning profile for id=45554222-652f-4eb5-b4e6-9ebc83a5371a","service":"backend","timestamp":"2026-01-28 22:48:33"}
{"level":"info","message":"GET /api/profile/user/45554222-652f-4eb5-b4e6-9ebc83a5371a","service":"backend","timestamp":"2026-01-28 22:49:14"}
{"level":"debug","message":"[getProfile] id=45554222-652f-4eb5-b4e6-9ebc83a5371a cacheKey=profile:45554222-652f-4eb5-b4e6-9ebc83a5371a","service":"backend","timestamp":"2026-01-28 22:49:15"}
{"level":"debug","message":"[getProfile] Returning profile for id=45554222-652f-4eb5-b4e6-9ebc83a5371a","service":"backend","timestamp":"2026-01-28 22:49:15"}
{"level":"info","message":"GET /api/profile/user/45554222-652f-4eb5-b4e6-9ebc83a5371a","service":"backend","timestamp":"2026-01-28 22:49:40"}
{"level":"debug","message":"[getProfile] id=45554222-652f-4eb5-b4e6-9ebc83a5371a cacheKey=profile:45554222-652f-4eb5-b4e6-9ebc83a5371a","service":"backend","timestamp":"2026-01-28 22:49:41"}
{"level":"debug","message":"[getProfile] Returning profile for id=45554222-652f-4eb5-b4e6-9ebc83a5371a","service":"backend","timestamp":"2026-01-28 22:49:41"}
{"level":"info","message":"GET /api/profile/user/45554222-652f-4eb5-b4e6-9ebc83a5371a","service":"backend","timestamp":"2026-01-28 22:49:41"}
{"level":"debug","message":"[getProfile] id=45554222-652f-4eb5-b4e6-9ebc83a5371a cacheKey=profile:45554222-652f-4eb5-b4e6-9ebc83a5371a","service":"backend","timestamp":"2026-01-28 22:49:41"}
{"level":"debug","message":"[getProfile] Returning profile for id=45554222-652f-4eb5-b4e6-9ebc83a5371a","service":"backend","timestamp":"2026-01-28 22:49:41"}
{"level":"info","message":"GET /api/community/joined","service":"backend","timestamp":"2026-01-28 22:51:09"}
{"level":"info","message":"GET /api/community/discover","service":"backend","timestamp":"2026-01-28 22:51:09"}
{"level":"info","message":"GET /api/creator/stats/45554222-652f-4eb5-b4e6-9ebc83a5371a","service":"backend","timestamp":"2026-01-28 22:51:09"}
{"level":"info","message":"GET /api/community/posts/feed","service":"backend","timestamp":"2026-01-28 22:51:09"}
{"level":"debug","message":"[getCreatorStats] userId=45554222-652f-4eb5-b4e6-9ebc83a5371a cacheKey=creator_stats:45554222-652f-4eb5-b4e6-9ebc83a5371a","service":"backend","timestamp":"2026-01-28 22:51:09"}
{"level":"debug","message":"[getCreatorStats] Cache miss -> fetching from Supabase for 45554222-652f-4eb5-b4e6-9ebc83a5371a","service":"backend","timestamp":"2026-01-28 22:51:09"}
{"level":"debug","message":"[getCreatorStats] Supabase fetch success, will cache key: creator_stats:45554222-652f-4eb5-b4e6-9ebc83a5371a","service":"backend","timestamp":"2026-01-28 22:51:09"}
{"level":"debug","message":"[getCreatorStats] Returning stats for userId=45554222-652f-4eb5-b4e6-9ebc83a5371a","service":"backend","timestamp":"2026-01-28 22:51:09"}
{"level":"info","message":"GET /api/follow/following/45554222-652f-4eb5-b4e6-9ebc83a5371a","service":"backend","timestamp":"2026-01-28 22:51:10"}
{"level":"info","message":"GET /api/follow/followers/45554222-652f-4eb5-b4e6-9ebc83a5371a","service":"backend","timestamp":"2026-01-28 22:51:10"}
{"level":"info","message":"GET /api/profile/user/45554222-652f-4eb5-b4e6-9ebc83a5371a","service":"backend","timestamp":"2026-01-28 22:51:11"}
{"level":"debug","message":"[getProfile] id=45554222-652f-4eb5-b4e6-9ebc83a5371a cacheKey=profile:45554222-652f-4eb5-b4e6-9ebc83a5371a","service":"backend","timestamp":"2026-01-28 22:51:11"}
{"level":"debug","message":"[getProfile] Returning profile for id=45554222-652f-4eb5-b4e6-9ebc83a5371a","service":"backend","timestamp":"2026-01-28 22:51:11"}
{"level":"info","message":"GET /api/profile/user/45554222-652f-4eb5-b4e6-9ebc83a5371a","service":"backend","timestamp":"2026-01-28 22:51:25"}
{"level":"debug","message":"[getProfile] id=45554222-652f-4eb5-b4e6-9ebc83a5371a cacheKey=profile:45554222-652f-4eb5-b4e6-9ebc83a5371a","service":"backend","timestamp":"2026-01-28 22:51:25"}
{"level":"debug","message":"[getProfile] Returning profile for id=45554222-652f-4eb5-b4e6-9ebc83a5371a","service":"backend","timestamp":"2026-01-28 22:51:25"}
{"level":"info","message":"GET /api/profile/user/45554222-652f-4eb5-b4e6-9ebc83a5371a","service":"backend","timestamp":"2026-01-28 22:51:26"}
{"level":"debug","message":"[getProfile] id=45554222-652f-4eb5-b4e6-9ebc83a5371a cacheKey=profile:45554222-652f-4eb5-b4e6-9ebc83a5371a","service":"backend","timestamp":"2026-01-28 22:51:27"}
{"level":"debug","message":"[getProfile] Returning profile for id=45554222-652f-4eb5-b4e6-9ebc83a5371a","service":"backend","timestamp":"2026-01-28 22:51:27"}
{"level":"info","message":"GET /api/creator/stats/45554222-652f-4eb5-b4e6-9ebc83a5371a","service":"backend","timestamp":"2026-01-28 22:54:44"}
{"level":"debug","message":"[getCreatorStats] userId=45554222-652f-4eb5-b4e6-9ebc83a5371a cacheKey=creator_stats:45554222-652f-4eb5-b4e6-9ebc83a5371a","service":"backend","timestamp":"2026-01-28 22:54:44"}
{"level":"debug","message":"[getCreatorStats] Cache miss -> fetching from Supabase for 45554222-652f-4eb5-b4e6-9ebc83a5371a","service":"backend","timestamp":"2026-01-28 22:54:44"}
{"level":"debug","message":"[getCreatorStats] Supabase fetch success, will cache key: creator_stats:45554222-652f-4eb5-b4e6-9ebc83a5371a","service":"backend","timestamp":"2026-01-28 22:54:45"}
{"level":"debug","message":"[getCreatorStats] Returning stats for userId=45554222-652f-4eb5-b4e6-9ebc83a5371a","service":"backend","timestamp":"2026-01-28 22:54:45"}
{"level":"info","message":"GET /api/message","service":"backend","timestamp":"2026-01-28 22:54:45"}
{"level":"info","message":"GET /api/profile/user/45554222-652f-4eb5-b4e6-9ebc83a5371a","service":"backend","timestamp":"2026-01-28 22:54:46"}
{"level":"debug","message":"[getProfile] id=45554222-652f-4eb5-b4e6-9ebc83a5371a cacheKey=profile:45554222-652f-4eb5-b4e6-9ebc83a5371a","service":"backend","timestamp":"2026-01-28 22:54:46"}
{"level":"debug","message":"[getProfile] Cache miss -> fetching from Supabase for 45554222-652f-4eb5-b4e6-9ebc83a5371a","service":"backend","timestamp":"2026-01-28 22:54:46"}
{"level":"debug","message":"[getProfile] Supabase fetch success, will cache key: profile:45554222-652f-4eb5-b4e6-9ebc83a5371a","service":"backend","timestamp":"2026-01-28 22:54:46"}
{"level":"debug","message":"[getProfile] Returning profile for id=45554222-652f-4eb5-b4e6-9ebc83a5371a","service":"backend","timestamp":"2026-01-28 22:54:46"}
{"level":"info","message":"GET /api/profile/user/45554222-652f-4eb5-b4e6-9ebc83a5371a","service":"backend","timestamp":"2026-01-28 22:55:00"}
{"level":"debug","message":"[getProfile] id=45554222-652f-4eb5-b4e6-9ebc83a5371a cacheKey=profile:45554222-652f-4eb5-b4e6-9ebc83a5371a","service":"backend","timestamp":"2026-01-28 22:55:00"}
{"level":"debug","message":"[getProfile] Returning profile for id=45554222-652f-4eb5-b4e6-9ebc83a5371a","service":"backend","timestamp":"2026-01-28 22:55:00"}
{"level":"info","message":"GET /api/profile/user/45554222-652f-4eb5-b4e6-9ebc83a5371a","service":"backend","timestamp":"2026-01-28 22:55:33"}
{"level":"info","message":"GET /api/profile/user/45554222-652f-4eb5-b4e6-9ebc83a5371a","service":"backend","timestamp":"2026-01-28 22:55:33"}
{"level":"debug","message":"[getProfile] id=45554222-652f-4eb5-b4e6-9ebc83a5371a cacheKey=profile:45554222-652f-4eb5-b4e6-9ebc83a5371a","service":"backend","timestamp":"2026-01-28 22:55:33"}
{"level":"debug","message":"[getProfile] Returning profile for id=45554222-652f-4eb5-b4e6-9ebc83a5371a","service":"backend","timestamp":"2026-01-28 22:55:33"}
{"level":"debug","message":"[getProfile] id=45554222-652f-4eb5-b4e6-9ebc83a5371a cacheKey=profile:45554222-652f-4eb5-b4e6-9ebc83a5371a","service":"backend","timestamp":"2026-01-28 22:55:33"}
{"level":"debug","message":"[getProfile] Returning profile for id=45554222-652f-4eb5-b4e6-9ebc83a5371a","service":"backend","timestamp":"2026-01-28 22:55:33"}
{"level":"info","message":"GET /api/profile/user/45554222-652f-4eb5-b4e6-9ebc83a5371a","service":"backend","timestamp":"2026-01-28 22:56:45"}
{"level":"debug","message":"[getProfile] id=45554222-652f-4eb5-b4e6-9ebc83a5371a cacheKey=profile:45554222-652f-4eb5-b4e6-9ebc83a5371a","service":"backend","timestamp":"2026-01-28 22:56:46"}
{"level":"debug","message":"[getProfile] Returning profile for id=45554222-652f-4eb5-b4e6-9ebc83a5371a","service":"backend","timestamp":"2026-01-28 22:56:46"}
{"level":"info","message":"GET /api/profile/user/45554222-652f-4eb5-b4e6-9ebc83a5371a","service":"backend","timestamp":"2026-01-28 22:58:45"}
{"level":"debug","message":"[getProfile] id=45554222-652f-4eb5-b4e6-9ebc83a5371a cacheKey=profile:45554222-652f-4eb5-b4e6-9ebc83a5371a","service":"backend","timestamp":"2026-01-28 22:58:46"}
{"level":"debug","message":"[getProfile] Returning profile for id=45554222-652f-4eb5-b4e6-9ebc83a5371a","service":"backend","timestamp":"2026-01-28 22:58:46"}
{"level":"info","message":"GET /api/profile/user/45554222-652f-4eb5-b4e6-9ebc83a5371a","service":"backend","timestamp":"2026-01-28 23:00:12"}
{"level":"debug","message":"[getProfile] id=45554222-652f-4eb5-b4e6-9ebc83a5371a cacheKey=profile:45554222-652f-4eb5-b4e6-9ebc83a5371a","service":"backend","timestamp":"2026-01-28 23:00:12"}
{"level":"debug","message":"[getProfile] Returning profile for id=45554222-652f-4eb5-b4e6-9ebc83a5371a","service":"backend","timestamp":"2026-01-28 23:00:12"}
{"level":"info","message":"GET /api/profile/user/45554222-652f-4eb5-b4e6-9ebc83a5371a","service":"backend","timestamp":"2026-01-28 23:00:14"}
{"level":"debug","message":"[getProfile] id=45554222-652f-4eb5-b4e6-9ebc83a5371a cacheKey=profile:45554222-652f-4eb5-b4e6-9ebc83a5371a","service":"backend","timestamp":"2026-01-28 23:00:14"}
{"level":"debug","message":"[getProfile] Returning profile for id=45554222-652f-4eb5-b4e6-9ebc83a5371a","service":"backend","timestamp":"2026-01-28 23:00:14"}
{"level":"info","message":"GET /api/community/joined","service":"backend","timestamp":"2026-01-28 23:02:57"}
{"level":"info","message":"GET /api/community/discover","service":"backend","timestamp":"2026-01-28 23:02:57"}
{"level":"info","message":"GET /api/community/posts/feed","service":"backend","timestamp":"2026-01-28 23:02:57"}
{"level":"info","message":"GET /api/creator/stats/45554222-652f-4eb5-b4e6-9ebc83a5371a","service":"backend","timestamp":"2026-01-28 23:02:57"}
{"level":"debug","message":"[getCreatorStats] userId=45554222-652f-4eb5-b4e6-9ebc83a5371a cacheKey=creator_stats:45554222-652f-4eb5-b4e6-9ebc83a5371a","service":"backend","timestamp":"2026-01-28 23:02:58"}
{"level":"debug","message":"[getCreatorStats] Cache miss -> fetching from Supabase for 45554222-652f-4eb5-b4e6-9ebc83a5371a","service":"backend","timestamp":"2026-01-28 23:02:58"}
{"level":"debug","message":"[getCreatorStats] Supabase fetch success, will cache key: creator_stats:45554222-652f-4eb5-b4e6-9ebc83a5371a","service":"backend","timestamp":"2026-01-28 23:02:58"}
{"level":"debug","message":"[getCreatorStats] Returning stats for userId=45554222-652f-4eb5-b4e6-9ebc83a5371a","service":"backend","timestamp":"2026-01-28 23:02:58"}
{"level":"info","message":"GET /api/profile/user/45554222-652f-4eb5-b4e6-9ebc83a5371a","service":"backend","timestamp":"2026-01-28 23:02:59"}
{"level":"debug","message":"[getProfile] id=45554222-652f-4eb5-b4e6-9ebc83a5371a cacheKey=profile:45554222-652f-4eb5-b4e6-9ebc83a5371a","service":"backend","timestamp":"2026-01-28 23:02:59"}
{"level":"debug","message":"[getProfile] Returning profile for id=45554222-652f-4eb5-b4e6-9ebc83a5371a","service":"backend","timestamp":"2026-01-28 23:02:59"}
{"level":"info","message":"GET /api/follow/following/45554222-652f-4eb5-b4e6-9ebc83a5371a","service":"backend","timestamp":"2026-01-28 23:03:01"}
{"level":"info","message":"GET /api/follow/followers/45554222-652f-4eb5-b4e6-9ebc83a5371a","service":"backend","timestamp":"2026-01-28 23:03:01"}
{"level":"info","message":"GET /api/profile/user/45554222-652f-4eb5-b4e6-9ebc83a5371a","service":"backend","timestamp":"2026-01-28 23:03:14"}
{"level":"debug","message":"[getProfile] id=45554222-652f-4eb5-b4e6-9ebc83a5371a cacheKey=profile:45554222-652f-4eb5-b4e6-9ebc83a5371a","service":"backend","timestamp":"2026-01-28 23:03:15"}
{"level":"debug","message":"[getProfile] Returning profile for id=45554222-652f-4eb5-b4e6-9ebc83a5371a","service":"backend","timestamp":"2026-01-28 23:03:15"}
{"level":"info","message":"GET /api/profile/user/45554222-652f-4eb5-b4e6-9ebc83a5371a","service":"backend","timestamp":"2026-01-28 23:04:44"}
{"level":"debug","message":"[getProfile] id=45554222-652f-4eb5-b4e6-9ebc83a5371a cacheKey=profile:45554222-652f-4eb5-b4e6-9ebc83a5371a","service":"backend","timestamp":"2026-01-28 23:04:44"}
{"level":"debug","message":"[getProfile] Returning profile for id=45554222-652f-4eb5-b4e6-9ebc83a5371a","service":"backend","timestamp":"2026-01-28 23:04:44"}
{"level":"info","message":"GET /api/profile/user/45554222-652f-4eb5-b4e6-9ebc83a5371a","service":"backend","timestamp":"2026-01-28 23:04:59"}
{"level":"debug","message":"[getProfile] id=45554222-652f-4eb5-b4e6-9ebc83a5371a cacheKey=profile:45554222-652f-4eb5-b4e6-9ebc83a5371a","service":"backend","timestamp":"2026-01-28 23:04:59"}
{"level":"debug","message":"[getProfile] Returning profile for id=45554222-652f-4eb5-b4e6-9ebc83a5371a","service":"backend","timestamp":"2026-01-28 23:04:59"}
{"level":"info","message":"GET /api/profile/user/45554222-652f-4eb5-b4e6-9ebc83a5371a","service":"backend","timestamp":"2026-01-28 23:05:19"}
{"level":"debug","message":"[getProfile] id=45554222-652f-4eb5-b4e6-9ebc83a5371a cacheKey=profile:45554222-652f-4eb5-b4e6-9ebc83a5371a","service":"backend","timestamp":"2026-01-28 23:05:19"}
{"level":"debug","message":"[getProfile] Returning profile for id=45554222-652f-4eb5-b4e6-9ebc83a5371a","service":"backend","timestamp":"2026-01-28 23:05:19"}
{"level":"info","message":"GET /api/community/discover","service":"backend","timestamp":"2026-01-28 23:23:44"}
{"level":"info","message":"GET /api/community/joined","service":"backend","timestamp":"2026-01-28 23:23:44"}
{"level":"info","message":"GET /api/community/posts/feed","service":"backend","timestamp":"2026-01-28 23:23:44"}
{"level":"info","message":"GET /api/community/discover","service":"backend","timestamp":"2026-01-28 23:34:37"}
{"level":"info","message":"GET /api/community/posts/feed","service":"backend","timestamp":"2026-01-28 23:34:37"}
{"level":"info","message":"GET /api/community/joined","service":"backend","timestamp":"2026-01-28 23:34:37"}
{"level":"info","message":"GET /api/community/joined","service":"backend","timestamp":"2026-01-28 23:42:14"}
{"level":"info","message":"GET /api/community/discover","service":"backend","timestamp":"2026-01-28 23:42:14"}
{"level":"info","message":"GET /api/community/posts/feed","service":"backend","timestamp":"2026-01-28 23:42:14"}
{"level":"info","message":"GET /api/community/joined","service":"backend","timestamp":"2026-01-28 23:48:04"}
{"level":"info","message":"GET /api/community/posts/feed","service":"backend","timestamp":"2026-01-28 23:48:04"}
{"level":"info","message":"GET /api/community/discover","service":"backend","timestamp":"2026-01-28 23:48:04"}
{"level":"info","message":"GET /api/profile/user/45554222-652f-4eb5-b4e6-9ebc83a5371a","service":"backend","timestamp":"2026-01-28 23:48:16"}
{"level":"info","message":"GET /api/creator/stats/45554222-652f-4eb5-b4e6-9ebc83a5371a","service":"backend","timestamp":"2026-01-28 23:48:16"}
{"level":"debug","message":"[getCreatorStats] userId=45554222-652f-4eb5-b4e6-9ebc83a5371a cacheKey=creator_stats:45554222-652f-4eb5-b4e6-9ebc83a5371a","service":"backend","timestamp":"2026-01-28 23:48:16"}
{"level":"debug","message":"[getProfile] id=45554222-652f-4eb5-b4e6-9ebc83a5371a cacheKey=profile:45554222-652f-4eb5-b4e6-9ebc83a5371a","service":"backend","timestamp":"2026-01-28 23:48:16"}
{"level":"debug","message":"[getCreatorStats] Cache miss -> fetching from Supabase for 45554222-652f-4eb5-b4e6-9ebc83a5371a","service":"backend","timestamp":"2026-01-28 23:48:16"}
{"level":"debug","message":"[getProfile] Returning profile for id=45554222-652f-4eb5-b4e6-9ebc83a5371a","service":"backend","timestamp":"2026-01-28 23:48:16"}
{"level":"debug","message":"[getCreatorStats] Supabase fetch success, will cache key: creator_stats:45554222-652f-4eb5-b4e6-9ebc83a5371a","service":"backend","timestamp":"2026-01-28 23:48:17"}
{"level":"debug","message":"[getCreatorStats] Returning stats for userId=45554222-652f-4eb5-b4e6-9ebc83a5371a","service":"backend","timestamp":"2026-01-28 23:48:17"}
{"level":"info","message":"GET /api/follow/followers/45554222-652f-4eb5-b4e6-9ebc83a5371a","service":"backend","timestamp":"2026-01-28 23:48:18"}
{"level":"info","message":"GET /api/follow/following/45554222-652f-4eb5-b4e6-9ebc83a5371a","service":"backend","timestamp":"2026-01-28 23:48:18"}
{"level":"info","message":"GET /api/profile/user/45554222-652f-4eb5-b4e6-9ebc83a5371a","service":"backend","timestamp":"2026-01-28 23:51:26"}
{"level":"debug","message":"[getProfile] id=45554222-652f-4eb5-b4e6-9ebc83a5371a cacheKey=profile:45554222-652f-4eb5-b4e6-9ebc83a5371a","service":"backend","timestamp":"2026-01-28 23:51:26"}
{"level":"debug","message":"[getProfile] Returning profile for id=45554222-652f-4eb5-b4e6-9ebc83a5371a","service":"backend","timestamp":"2026-01-28 23:51:26"}
{"level":"info","message":"GET /api/profile/user/45554222-652f-4eb5-b4e6-9ebc83a5371a","service":"backend","timestamp":"2026-01-28 23:51:27"}
{"level":"debug","message":"[getProfile] id=45554222-652f-4eb5-b4e6-9ebc83a5371a cacheKey=profile:45554222-652f-4eb5-b4e6-9ebc83a5371a","service":"backend","timestamp":"2026-01-28 23:51:27"}
{"level":"debug","message":"[getProfile] Returning profile for id=45554222-652f-4eb5-b4e6-9ebc83a5371a","service":"backend","timestamp":"2026-01-28 23:51:27"}
{"level":"info","message":"GET /api/community/joined","service":"backend","timestamp":"2026-01-28 23:54:53"}
{"level":"info","message":"GET /api/community/discover","service":"backend","timestamp":"2026-01-28 23:54:53"}
{"level":"info","message":"GET /api/community/posts/feed","service":"backend","timestamp":"2026-01-28 23:54:53"}
{"level":"info","message":"GET /api/community/discover","service":"backend","timestamp":"2026-01-29 00:02:49"}
{"level":"info","message":"GET /api/community/joined","service":"backend","timestamp":"2026-01-29 00:02:49"}
{"level":"info","message":"GET /api/community/posts/feed","service":"backend","timestamp":"2026-01-29 00:02:49"}
{"level":"info","message":"GET /api/community/discover","service":"backend","timestamp":"2026-01-29 00:08:14"}
{"level":"info","message":"GET /api/community/joined","service":"backend","timestamp":"2026-01-29 00:08:14"}
{"level":"info","message":"GET /api/community/posts/feed","service":"backend","timestamp":"2026-01-29 00:08:14"}
{"level":"info","message":"GET /api/creator/stats/45554222-652f-4eb5-b4e6-9ebc83a5371a","service":"backend","timestamp":"2026-01-29 00:11:52"}
{"level":"info","message":"GET /api/profile/user/45554222-652f-4eb5-b4e6-9ebc83a5371a","service":"backend","timestamp":"2026-01-29 00:11:52"}
{"level":"debug","message":"[getCreatorStats] userId=45554222-652f-4eb5-b4e6-9ebc83a5371a cacheKey=creator_stats:45554222-652f-4eb5-b4e6-9ebc83a5371a","service":"backend","timestamp":"2026-01-29 00:11:52"}
{"level":"debug","message":"[getProfile] id=45554222-652f-4eb5-b4e6-9ebc83a5371a cacheKey=profile:45554222-652f-4eb5-b4e6-9ebc83a5371a","service":"backend","timestamp":"2026-01-29 00:11:52"}
{"level":"debug","message":"[getCreatorStats] Cache miss -> fetching from Supabase for 45554222-652f-4eb5-b4e6-9ebc83a5371a","service":"backend","timestamp":"2026-01-29 00:11:52"}
{"level":"debug","message":"[getProfile] Cache miss -> fetching from Supabase for 45554222-652f-4eb5-b4e6-9ebc83a5371a","service":"backend","timestamp":"2026-01-29 00:11:52"}
{"level":"debug","message":"[getProfile] Supabase fetch success, will cache key: profile:45554222-652f-4eb5-b4e6-9ebc83a5371a","service":"backend","timestamp":"2026-01-29 00:11:52"}
{"level":"debug","message":"[getProfile] Returning profile for id=45554222-652f-4eb5-b4e6-9ebc83a5371a","service":"backend","timestamp":"2026-01-29 00:11:52"}
{"level":"debug","message":"[getCreatorStats] Supabase fetch success, will cache key: creator_stats:45554222-652f-4eb5-b4e6-9ebc83a5371a","service":"backend","timestamp":"2026-01-29 00:11:52"}
{"level":"debug","message":"[getCreatorStats] Returning stats for userId=45554222-652f-4eb5-b4e6-9ebc83a5371a","service":"backend","timestamp":"2026-01-29 00:11:52"}
{"level":"info","message":"GET /api/profile/user/45554222-652f-4eb5-b4e6-9ebc83a5371a","service":"backend","timestamp":"2026-01-29 00:11:53"}
{"level":"debug","message":"[getProfile] id=45554222-652f-4eb5-b4e6-9ebc83a5371a cacheKey=profile:45554222-652f-4eb5-b4e6-9ebc83a5371a","service":"backend","timestamp":"2026-01-29 00:11:53"}
{"level":"debug","message":"[getProfile] Returning profile for id=45554222-652f-4eb5-b4e6-9ebc83a5371a","service":"backend","timestamp":"2026-01-29 00:11:53"}
{"level":"info","message":"GET /api/follow/followers/45554222-652f-4eb5-b4e6-9ebc83a5371a","service":"backend","timestamp":"2026-01-29 00:11:54"}
{"level":"info","message":"GET /api/follow/following/45554222-652f-4eb5-b4e6-9ebc83a5371a","service":"backend","timestamp":"2026-01-29 00:11:54"}
{"level":"info","message":"GET /api/message","service":"backend","timestamp":"2026-01-29 00:11:56"}
{"level":"info","message":"GET /api/profile/user/45554222-652f-4eb5-b4e6-9ebc83a5371a","service":"backend","timestamp":"2026-01-29 00:12:00"}
{"level":"debug","message":"[getProfile] id=45554222-652f-4eb5-b4e6-9ebc83a5371a cacheKey=profile:45554222-652f-4eb5-b4e6-9ebc83a5371a","service":"backend","timestamp":"2026-01-29 00:12:01"}
{"level":"debug","message":"[getProfile] Returning profile for id=45554222-652f-4eb5-b4e6-9ebc83a5371a","service":"backend","timestamp":"2026-01-29 00:12:01"}
{"level":"info","message":"GET /api/community/joined","service":"backend","timestamp":"2026-01-29 00:16:31"}
{"level":"info","message":"GET /api/community/discover","service":"backend","timestamp":"2026-01-29 00:16:31"}
{"level":"info","message":"GET /api/community/posts/feed","service":"backend","timestamp":"2026-01-29 00:16:31"}
{"level":"info","message":"GET /api/creator/stats/45554222-652f-4eb5-b4e6-9ebc83a5371a","service":"backend","timestamp":"2026-01-29 00:16:31"}
{"level":"debug","message":"[getCreatorStats] userId=45554222-652f-4eb5-b4e6-9ebc83a5371a cacheKey=creator_stats:45554222-652f-4eb5-b4e6-9ebc83a5371a","service":"backend","timestamp":"2026-01-29 00:16:31"}
{"level":"debug","message":"[getCreatorStats] Cache miss -> fetching from Supabase for 45554222-652f-4eb5-b4e6-9ebc83a5371a","service":"backend","timestamp":"2026-01-29 00:16:31"}
{"level":"debug","message":"[getCreatorStats] Supabase fetch success, will cache key: creator_stats:45554222-652f-4eb5-b4e6-9ebc83a5371a","service":"backend","timestamp":"2026-01-29 00:16:32"}
{"level":"debug","message":"[getCreatorStats] Returning stats for userId=45554222-652f-4eb5-b4e6-9ebc83a5371a","service":"backend","timestamp":"2026-01-29 00:16:32"}
{"level":"info","message":"GET /api/community/posts/feed","service":"backend","timestamp":"2026-01-29 01:24:01"}
{"level":"info","message":"GET /api/creator/stats/45554222-652f-4eb5-b4e6-9ebc83a5371a","service":"backend","timestamp":"2026-01-29 01:24:01"}
{"level":"info","message":"GET /api/community/discover","service":"backend","timestamp":"2026-01-29 01:24:01"}
{"level":"info","message":"GET /api/profile/user/45554222-652f-4eb5-b4e6-9ebc83a5371a","service":"backend","timestamp":"2026-01-29 01:24:01"}
{"level":"info","message":"GET /api/community/joined","service":"backend","timestamp":"2026-01-29 01:24:01"}
{"level":"debug","message":"[getCreatorStats] userId=45554222-652f-4eb5-b4e6-9ebc83a5371a cacheKey=creator_stats:45554222-652f-4eb5-b4e6-9ebc83a5371a","service":"backend","timestamp":"2026-01-29 01:24:02"}
{"level":"debug","message":"[getCreatorStats] Cache miss -> fetching from Supabase for 45554222-652f-4eb5-b4e6-9ebc83a5371a","service":"backend","timestamp":"2026-01-29 01:24:02"}
{"level":"debug","message":"[getProfile] id=45554222-652f-4eb5-b4e6-9ebc83a5371a cacheKey=profile:45554222-652f-4eb5-b4e6-9ebc83a5371a","service":"backend","timestamp":"2026-01-29 01:24:02"}
{"level":"debug","message":"[getProfile] Cache miss -> fetching from Supabase for 45554222-652f-4eb5-b4e6-9ebc83a5371a","service":"backend","timestamp":"2026-01-29 01:24:02"}
{"level":"debug","message":"[getProfile] Supabase fetch success, will cache key: profile:45554222-652f-4eb5-b4e6-9ebc83a5371a","service":"backend","timestamp":"2026-01-29 01:24:02"}
{"level":"debug","message":"[getProfile] Returning profile for id=45554222-652f-4eb5-b4e6-9ebc83a5371a","service":"backend","timestamp":"2026-01-29 01:24:02"}
{"level":"debug","message":"[getCreatorStats] Supabase fetch success, will cache key: creator_stats:45554222-652f-4eb5-b4e6-9ebc83a5371a","service":"backend","timestamp":"2026-01-29 01:24:02"}
{"level":"debug","message":"[getCreatorStats] Returning stats for userId=45554222-652f-4eb5-b4e6-9ebc83a5371a","service":"backend","timestamp":"2026-01-29 01:24:02"}
{"level":"info","message":"GET /api/follow/following/45554222-652f-4eb5-b4e6-9ebc83a5371a","service":"backend","timestamp":"2026-01-29 01:24:03"}
{"level":"info","message":"GET /api/follow/followers/45554222-652f-4eb5-b4e6-9ebc83a5371a","service":"backend","timestamp":"2026-01-29 01:24:03"}
{"level":"info","message":"GET /api/profile/user/45554222-652f-4eb5-b4e6-9ebc83a5371a","service":"backend","timestamp":"2026-01-29 01:26:03"}
{"level":"debug","message":"[getProfile] id=45554222-652f-4eb5-b4e6-9ebc83a5371a cacheKey=profile:45554222-652f-4eb5-b4e6-9ebc83a5371a","service":"backend","timestamp":"2026-01-29 01:26:03"}
{"level":"debug","message":"[getProfile] Returning profile for id=45554222-652f-4eb5-b4e6-9ebc83a5371a","service":"backend","timestamp":"2026-01-29 01:26:03"}
{"level":"info","message":"GET /api/profile/user/45554222-652f-4eb5-b4e6-9ebc83a5371a","service":"backend","timestamp":"2026-01-29 01:26:13"}
{"level":"debug","message":"[getProfile] id=45554222-652f-4eb5-b4e6-9ebc83a5371a cacheKey=profile:45554222-652f-4eb5-b4e6-9ebc83a5371a","service":"backend","timestamp":"2026-01-29 01:26:13"}
{"level":"debug","message":"[getProfile] Returning profile for id=45554222-652f-4eb5-b4e6-9ebc83a5371a","service":"backend","timestamp":"2026-01-29 01:26:13"}
{"level":"info","message":"Redis client connected","service":"backend","timestamp":"2026-01-29 01:27:51"}
{"level":"info","message":"Redis client ready","service":"backend","timestamp":"2026-01-29 01:27:51"}
{"0":"R","1":"e","10":"l","11":"r","12":"e","13":"a","14":"d","15":"y","16":" ","17":"c","18":"o","19":"n","2":"d","20":"n","21":"e","22":"c","23":"t","24":"i","25":"n","26":"g","27":"/","28":"c","29":"o","3":"i","30":"n","31":"n","32":"e","33":"c","34":"t","35":"e","36":"d","4":"s","5":" ","6":"i","7":"s","8":" ","9":"a","level":"warn","message":"Redis connection failed, server starting without cache:","service":"backend","timestamp":"2026-01-29 01:27:51"}
{"level":"info","message":"Server running at http://0.0.0.0:3000","service":"backend","timestamp":"2026-01-29 01:27:51"}
{"level":"info","message":"Environment: development","service":"backend","timestamp":"2026-01-29 01:27:51"}
{"level":"info","message":"Redis connected: true","service":"backend","timestamp":"2026-01-29 01:27:51"}
{"level":"info","message":"GET /api/community/discover","service":"backend","timestamp":"2026-01-29 01:31:13"}
{"level":"info","message":"GET /api/community/joined","service":"backend","timestamp":"2026-01-29 01:31:13"}
{"level":"info","message":"GET /api/creator/stats/45554222-652f-4eb5-b4e6-9ebc83a5371a","service":"backend","timestamp":"2026-01-29 01:31:13"}
{"level":"info","message":"GET /api/community/posts/feed","service":"backend","timestamp":"2026-01-29 01:31:13"}
{"level":"debug","message":"[getCreatorStats] userId=45554222-652f-4eb5-b4e6-9ebc83a5371a cacheKey=creator_stats:45554222-652f-4eb5-b4e6-9ebc83a5371a","service":"backend","timestamp":"2026-01-29 01:31:13"}
{"level":"debug","message":"[getCreatorStats] Cache miss -> fetching from Supabase for 45554222-652f-4eb5-b4e6-9ebc83a5371a","service":"backend","timestamp":"2026-01-29 01:31:13"}
{"level":"debug","message":"[getCreatorStats] Supabase fetch success, will cache key: creator_stats:45554222-652f-4eb5-b4e6-9ebc83a5371a","service":"backend","timestamp":"2026-01-29 01:31:14"}
{"level":"debug","message":"[getCreatorStats] Returning stats for userId=45554222-652f-4eb5-b4e6-9ebc83a5371a","service":"backend","timestamp":"2026-01-29 01:31:14"}
{"level":"info","message":"GET /api/profile/user/45554222-652f-4eb5-b4e6-9ebc83a5371a","service":"backend","timestamp":"2026-01-29 01:31:15"}
{"level":"debug","message":"[getProfile] id=45554222-652f-4eb5-b4e6-9ebc83a5371a cacheKey=profile:45554222-652f-4eb5-b4e6-9ebc83a5371a","service":"backend","timestamp":"2026-01-29 01:31:15"}
{"level":"debug","message":"[getProfile] Returning profile for id=45554222-652f-4eb5-b4e6-9ebc83a5371a","service":"backend","timestamp":"2026-01-29 01:31:15"}
{"level":"info","message":"GET /api/follow/followers/45554222-652f-4eb5-b4e6-9ebc83a5371a","service":"backend","timestamp":"2026-01-29 01:31:15"}
{"level":"info","message":"GET /api/follow/following/45554222-652f-4eb5-b4e6-9ebc83a5371a","service":"backend","timestamp":"2026-01-29 01:31:15"}
{"level":"info","message":"PUT /api/profile/user/45554222-652f-4eb5-b4e6-9ebc83a5371a","service":"backend","timestamp":"2026-01-29 01:32:08"}
{"authenticatedUserId":"45554222-652f-4eb5-b4e6-9ebc83a5371a","id":"45554222-652f-4eb5-b4e6-9ebc83a5371a","level":"info","message":"PUT /api/profile","service":"backend","timestamp":"2026-01-29 01:32:08"}
{"level":"info","message":"Invalidated 1 cache keys matching profile:45554222-652f-4eb5-b4e6-9ebc83a5371a","service":"backend","timestamp":"2026-01-29 01:32:08"}
{"0":"p","1":"r","10":"5","11":"5","12":"4","13":"2","14":"2","15":"2","16":"-","17":"6","18":"5","19":"2","2":"o","20":"f","21":"-","22":"4","23":"e","24":"b","25":"5","26":"-","27":"b","28":"4","29":"e","3":"f","30":"6","31":"-","32":"9","33":"e","34":"b","35":"c","36":"8","37":"3","38":"a","39":"5","4":"i","40":"3","41":"7","42":"1","43":"a","5":"l","6":"e","7":":","8":"4","9":"5","level":"debug","message":"[updateProfile] Cache invalidated for:","service":"backend","timestamp":"2026-01-29 01:32:08"}
{"level":"info","message":"GET /api/profile/user/45554222-652f-4eb5-b4e6-9ebc83a5371a","service":"backend","timestamp":"2026-01-29 01:32:08"}
{"level":"info","message":"GET /api/profile/user/45554222-652f-4eb5-b4e6-9ebc83a5371a","service":"backend","timestamp":"2026-01-29 01:32:09"}
{"level":"debug","message":"[getProfile] id=45554222-652f-4eb5-b4e6-9ebc83a5371a cacheKey=profile:45554222-652f-4eb5-b4e6-9ebc83a5371a","service":"backend","timestamp":"2026-01-29 01:32:09"}
{"level":"debug","message":"[getProfile] Cache miss -> fetching from Supabase for 45554222-652f-4eb5-b4e6-9ebc83a5371a","service":"backend","timestamp":"2026-01-29 01:32:09"}
{"level":"debug","message":"[getProfile] id=45554222-652f-4eb5-b4e6-9ebc83a5371a cacheKey=profile:45554222-652f-4eb5-b4e6-9ebc83a5371a","service":"backend","timestamp":"2026-01-29 01:32:09"}
{"level":"debug","message":"[getProfile] Cache miss -> fetching from Supabase for 45554222-652f-4eb5-b4e6-9ebc83a5371a","service":"backend","timestamp":"2026-01-29 01:32:09"}
{"level":"debug","message":"[getProfile] Supabase fetch success, will cache key: profile:45554222-652f-4eb5-b4e6-9ebc83a5371a","service":"backend","timestamp":"2026-01-29 01:32:09"}
{"level":"debug","message":"[getProfile] Returning profile for id=45554222-652f-4eb5-b4e6-9ebc83a5371a","service":"backend","timestamp":"2026-01-29 01:32:09"}
{"level":"debug","message":"[getProfile] Supabase fetch success, will cache key: profile:45554222-652f-4eb5-b4e6-9ebc83a5371a","service":"backend","timestamp":"2026-01-29 01:32:09"}
{"level":"debug","message":"[getProfile] Returning profile for id=45554222-652f-4eb5-b4e6-9ebc83a5371a","service":"backend","timestamp":"2026-01-29 01:32:09"}
{"level":"info","message":"PUT /api/profile/user/45554222-652f-4eb5-b4e6-9ebc83a5371a","service":"backend","timestamp":"2026-01-29 01:32:25"}
{"authenticatedUserId":"45554222-652f-4eb5-b4e6-9ebc83a5371a","id":"45554222-652f-4eb5-b4e6-9ebc83a5371a","level":"info","message":"PUT /api/profile","service":"backend","timestamp":"2026-01-29 01:32:25"}
{"level":"info","message":"Invalidated 1 cache keys matching profile:45554222-652f-4eb5-b4e6-9ebc83a5371a","service":"backend","timestamp":"2026-01-29 01:32:25"}
{"0":"p","1":"r","10":"5","11":"5","12":"4","13":"2","14":"2","15":"2","16":"-","17":"6","18":"5","19":"2","2":"o","20":"f","21":"-","22":"4","23":"e","24":"b","25":"5","26":"-","27":"b","28":"4","29":"e","3":"f","30":"6","31":"-","32":"9","33":"e","34":"b","35":"c","36":"8","37":"3","38":"a","39":"5","4":"i","40":"3","41":"7","42":"1","43":"a","5":"l","6":"e","7":":","8":"4","9":"5","level":"debug","message":"[updateProfile] Cache invalidated for:","service":"backend","timestamp":"2026-01-29 01:32:25"}
{"level":"info","message":"GET /api/profile/user/45554222-652f-4eb5-b4e6-9ebc83a5371a","service":"backend","timestamp":"2026-01-29 01:32:25"}
{"level":"info","message":"GET /api/profile/user/45554222-652f-4eb5-b4e6-9ebc83a5371a","service":"backend","timestamp":"2026-01-29 01:32:25"}
{"level":"debug","message":"[getProfile] id=45554222-652f-4eb5-b4e6-9ebc83a5371a cacheKey=profile:45554222-652f-4eb5-b4e6-9ebc83a5371a","service":"backend","timestamp":"2026-01-29 01:32:26"}
{"level":"debug","message":"[getProfile] Cache miss -> fetching from Supabase for 45554222-652f-4eb5-b4e6-9ebc83a5371a","service":"backend","timestamp":"2026-01-29 01:32:26"}
{"level":"debug","message":"[getProfile] id=45554222-652f-4eb5-b4e6-9ebc83a5371a cacheKey=profile:45554222-652f-4eb5-b4e6-9ebc83a5371a","service":"backend","timestamp":"2026-01-29 01:32:26"}
{"level":"debug","message":"[getProfile] Cache miss -> fetching from Supabase for 45554222-652f-4eb5-b4e6-9ebc83a5371a","service":"backend","timestamp":"2026-01-29 01:32:26"}
{"level":"debug","message":"[getProfile] Supabase fetch success, will cache key: profile:45554222-652f-4eb5-b4e6-9ebc83a5371a","service":"backend","timestamp":"2026-01-29 01:32:26"}
{"level":"debug","message":"[getProfile] Returning profile for id=45554222-652f-4eb5-b4e6-9ebc83a5371a","service":"backend","timestamp":"2026-01-29 01:32:26"}
{"level":"debug","message":"[getProfile] Supabase fetch success, will cache key: profile:45554222-652f-4eb5-b4e6-9ebc83a5371a","service":"backend","timestamp":"2026-01-29 01:32:26"}
{"level":"debug","message":"[getProfile] Returning profile for id=45554222-652f-4eb5-b4e6-9ebc83a5371a","service":"backend","timestamp":"2026-01-29 01:32:26"}
{"level":"info","message":"GET /api/profile/user/45554222-652f-4eb5-b4e6-9ebc83a5371a","service":"backend","timestamp":"2026-01-29 01:33:14"}
{"level":"debug","message":"[getProfile] id=45554222-652f-4eb5-b4e6-9ebc83a5371a cacheKey=profile:45554222-652f-4eb5-b4e6-9ebc83a5371a","service":"backend","timestamp":"2026-01-29 01:33:14"}
{"level":"debug","message":"[getProfile] Returning profile for id=45554222-652f-4eb5-b4e6-9ebc83a5371a","service":"backend","timestamp":"2026-01-29 01:33:14"}
{"level":"info","message":"GET /api/profile/user/45554222-652f-4eb5-b4e6-9ebc83a5371a","service":"backend","timestamp":"2026-01-29 01:33:52"}
{"level":"debug","message":"[getProfile] id=45554222-652f-4eb5-b4e6-9ebc83a5371a cacheKey=profile:45554222-652f-4eb5-b4e6-9ebc83a5371a","service":"backend","timestamp":"2026-01-29 01:33:53"}
{"level":"debug","message":"[getProfile] Returning profile for id=45554222-652f-4eb5-b4e6-9ebc83a5371a","service":"backend","timestamp":"2026-01-29 01:33:53"}
{"level":"info","message":"GET /api/profile/user/45554222-652f-4eb5-b4e6-9ebc83a5371a","service":"backend","timestamp":"2026-01-29 01:33:54"}
{"level":"debug","message":"[getProfile] id=45554222-652f-4eb5-b4e6-9ebc83a5371a cacheKey=profile:45554222-652f-4eb5-b4e6-9ebc83a5371a","service":"backend","timestamp":"2026-01-29 01:33:54"}
{"level":"debug","message":"[getProfile] Returning profile for id=45554222-652f-4eb5-b4e6-9ebc83a5371a","service":"backend","timestamp":"2026-01-29 01:33:54"}
{"level":"info","message":"Redis client connected","service":"backend","timestamp":"2026-01-29 01:34:28"}
{"level":"info","message":"Redis client ready","service":"backend","timestamp":"2026-01-29 01:34:28"}
{"0":"R","1":"e","10":"l","11":"r","12":"e","13":"a","14":"d","15":"y","16":" ","17":"c","18":"o","19":"n","2":"d","20":"n","21":"e","22":"c","23":"t","24":"i","25":"n","26":"g","27":"/","28":"c","29":"o","3":"i","30":"n","31":"n","32":"e","33":"c","34":"t","35":"e","36":"d","4":"s","5":" ","6":"i","7":"s","8":" ","9":"a","level":"warn","message":"Redis connection failed, server starting without cache:","service":"backend","timestamp":"2026-01-29 01:34:28"}
{"level":"info","message":"Server running at http://0.0.0.0:3000","service":"backend","timestamp":"2026-01-29 01:34:28"}
{"level":"info","message":"Environment: development","service":"backend","timestamp":"2026-01-29 01:34:28"}
{"level":"info","message":"Redis connected: true","service":"backend","timestamp":"2026-01-29 01:34:28"}
{"level":"info","message":"Redis client connected","service":"backend","timestamp":"2026-01-29 01:34:29"}
{"level":"info","message":"Redis client ready","service":"backend","timestamp":"2026-01-29 01:34:29"}
{"0":"R","1":"e","10":"l","11":"r","12":"e","13":"a","14":"d","15":"y","16":" ","17":"c","18":"o","19":"n","2":"d","20":"n","21":"e","22":"c","23":"t","24":"i","25":"n","26":"g","27":"/","28":"c","29":"o","3":"i","30":"n","31":"n","32":"e","33":"c","34":"t","35":"e","36":"d","4":"s","5":" ","6":"i","7":"s","8":" ","9":"a","level":"warn","message":"Redis connection failed, server starting without cache:","service":"backend","timestamp":"2026-01-29 01:34:29"}
{"level":"info","message":"Server running at http://0.0.0.0:3000","service":"backend","timestamp":"2026-01-29 01:34:29"}
{"level":"info","message":"Environment: development","service":"backend","timestamp":"2026-01-29 01:34:29"}
{"level":"info","message":"Redis connected: true","service":"backend","timestamp":"2026-01-29 01:34:29"}
{"level":"info","message":"Redis client connected","service":"backend","timestamp":"2026-01-29 01:48:20"}
{"level":"info","message":"Redis client ready","service":"backend","timestamp":"2026-01-29 01:48:20"}
{"0":"R","1":"e","10":"l","11":"r","12":"e","13":"a","14":"d","15":"y","16":" ","17":"c","18":"o","19":"n","2":"d","20":"n","21":"e","22":"c","23":"t","24":"i","25":"n","26":"g","27":"/","28":"c","29":"o","3":"i","30":"n","31":"n","32":"e","33":"c","34":"t","35":"e","36":"d","4":"s","5":" ","6":"i","7":"s","8":" ","9":"a","level":"warn","message":"Redis connection failed, server starting without cache:","service":"backend","timestamp":"2026-01-29 01:48:20"}
{"level":"info","message":"Server running at http://0.0.0.0:3000","service":"backend","timestamp":"2026-01-29 01:48:20"}
{"level":"info","message":"Environment: development","service":"backend","timestamp":"2026-01-29 01:48:20"}
{"level":"info","message":"Redis connected: true","service":"backend","timestamp":"2026-01-29 01:48:20"}
{"level":"info","message":"Redis client connected","service":"backend","timestamp":"2026-01-29 01:49:08"}
{"level":"info","message":"Redis client ready","service":"backend","timestamp":"2026-01-29 01:49:08"}
{"0":"R","1":"e","10":"l","11":"r","12":"e","13":"a","14":"d","15":"y","16":" ","17":"c","18":"o","19":"n","2":"d","20":"n","21":"e","22":"c","23":"t","24":"i","25":"n","26":"g","27":"/","28":"c","29":"o","3":"i","30":"n","31":"n","32":"e","33":"c","34":"t","35":"e","36":"d","4":"s","5":" ","6":"i","7":"s","8":" ","9":"a","level":"warn","message":"Redis connection failed, server starting without cache:","service":"backend","timestamp":"2026-01-29 01:49:08"}
{"level":"info","message":"Server running at http://0.0.0.0:3000","service":"backend","timestamp":"2026-01-29 01:49:08"}
{"level":"info","message":"Environment: development","service":"backend","timestamp":"2026-01-29 01:49:08"}
{"level":"info","message":"Redis connected: true","service":"backend","timestamp":"2026-01-29 01:49:08"}
{"level":"info","message":"GET /api/community/posts/feed","service":"backend","timestamp":"2026-01-29 02:01:44"}
{"level":"info","message":"GET /api/profile/user/45554222-652f-4eb5-b4e6-9ebc83a5371a","service":"backend","timestamp":"2026-01-29 02:01:44"}
{"level":"info","message":"GET /api/community/joined","service":"backend","timestamp":"2026-01-29 02:01:44"}
{"level":"info","message":"GET /api/community/discover","service":"backend","timestamp":"2026-01-29 02:01:44"}
{"level":"info","message":"GET /api/creator/stats/45554222-652f-4eb5-b4e6-9ebc83a5371a","service":"backend","timestamp":"2026-01-29 02:01:44"}
{"level":"debug","message":"[getProfile] id=45554222-652f-4eb5-b4e6-9ebc83a5371a cacheKey=profile:45554222-652f-4eb5-b4e6-9ebc83a5371a","service":"backend","timestamp":"2026-01-29 02:01:45"}
{"level":"debug","message":"[getProfile] Returning profile for id=45554222-652f-4eb5-b4e6-9ebc83a5371a","service":"backend","timestamp":"2026-01-29 02:01:45"}
{"level":"debug","message":"[getCreatorStats] userId=45554222-652f-4eb5-b4e6-9ebc83a5371a cacheKey=creator_stats:45554222-652f-4eb5-b4e6-9ebc83a5371a","service":"backend","timestamp":"2026-01-29 02:01:45"}
{"level":"debug","message":"[getCreatorStats] Cache miss -> fetching from Supabase for 45554222-652f-4eb5-b4e6-9ebc83a5371a","service":"backend","timestamp":"2026-01-29 02:01:45"}
{"level":"debug","message":"[getCreatorStats] Supabase fetch success, will cache key: creator_stats:45554222-652f-4eb5-b4e6-9ebc83a5371a","service":"backend","timestamp":"2026-01-29 02:01:45"}
{"level":"debug","message":"[getCreatorStats] Returning stats for userId=45554222-652f-4eb5-b4e6-9ebc83a5371a","service":"backend","timestamp":"2026-01-29 02:01:45"}
{"level":"info","message":"GET /api/message","service":"backend","timestamp":"2026-01-29 02:01:48"}
{"level":"info","message":"GET /api/follow/followers/45554222-652f-4eb5-b4e6-9ebc83a5371a","service":"backend","timestamp":"2026-01-29 02:01:48"}
{"level":"info","message":"GET /api/follow/following/45554222-652f-4eb5-b4e6-9ebc83a5371a","service":"backend","timestamp":"2026-01-29 02:01:48"}
{"level":"info","message":"GET /api/block/list","service":"backend","timestamp":"2026-01-29 02:01:55"}
{"level":"info","message":"GET /api/profile/user/45554222-652f-4eb5-b4e6-9ebc83a5371a","service":"backend","timestamp":"2026-01-29 02:03:46"}
{"level":"debug","message":"[getProfile] id=45554222-652f-4eb5-b4e6-9ebc83a5371a cacheKey=profile:45554222-652f-4eb5-b4e6-9ebc83a5371a","service":"backend","timestamp":"2026-01-29 02:03:47"}
{"level":"debug","message":"[getProfile] Returning profile for id=45554222-652f-4eb5-b4e6-9ebc83a5371a","service":"backend","timestamp":"2026-01-29 02:03:47"}
{"level":"info","message":"GET /api/creator/stats/45554222-652f-4eb5-b4e6-9ebc83a5371a","service":"backend","timestamp":"2026-01-29 02:05:09"}
{"level":"debug","message":"[getCreatorStats] userId=45554222-652f-4eb5-b4e6-9ebc83a5371a cacheKey=creator_stats:45554222-652f-4eb5-b4e6-9ebc83a5371a","service":"backend","timestamp":"2026-01-29 02:05:10"}
{"level":"debug","message":"[getCreatorStats] Cache miss -> fetching from Supabase for 45554222-652f-4eb5-b4e6-9ebc83a5371a","service":"backend","timestamp":"2026-01-29 02:05:10"}
{"level":"debug","message":"[getCreatorStats] Supabase fetch success, will cache key: creator_stats:45554222-652f-4eb5-b4e6-9ebc83a5371a","service":"backend","timestamp":"2026-01-29 02:05:10"}
{"level":"debug","message":"[getCreatorStats] Returning stats for userId=45554222-652f-4eb5-b4e6-9ebc83a5371a","service":"backend","timestamp":"2026-01-29 02:05:10"}
{"level":"info","message":"GET /api/creator/stats/45554222-652f-4eb5-b4e6-9ebc83a5371a","service":"backend","timestamp":"2026-01-29 02:06:15"}
{"level":"debug","message":"[getCreatorStats] userId=45554222-652f-4eb5-b4e6-9ebc83a5371a cacheKey=creator_stats:45554222-652f-4eb5-b4e6-9ebc83a5371a","service":"backend","timestamp":"2026-01-29 02:06:15"}
{"level":"debug","message":"[getCreatorStats] Cache miss -> fetching from Supabase for 45554222-652f-4eb5-b4e6-9ebc83a5371a","service":"backend","timestamp":"2026-01-29 02:06:15"}
{"level":"debug","message":"[getCreatorStats] Supabase fetch success, will cache key: creator_stats:45554222-652f-4eb5-b4e6-9ebc83a5371a","service":"backend","timestamp":"2026-01-29 02:06:16"}
{"level":"debug","message":"[getCreatorStats] Returning stats for userId=45554222-652f-4eb5-b4e6-9ebc83a5371a","service":"backend","timestamp":"2026-01-29 02:06:16"}
{"level":"info","message":"GET /api/profile/user/45554222-652f-4eb5-b4e6-9ebc83a5371a","service":"backend","timestamp":"2026-01-29 02:06:17"}
{"level":"debug","message":"[getProfile] id=45554222-652f-4eb5-b4e6-9ebc83a5371a cacheKey=profile:45554222-652f-4eb5-b4e6-9ebc83a5371a","service":"backend","timestamp":"2026-01-29 02:06:17"}
{"level":"debug","message":"[getProfile] Returning profile for id=45554222-652f-4eb5-b4e6-9ebc83a5371a","service":"backend","timestamp":"2026-01-29 02:06:17"}
{"level":"info","message":"GET /api/profile/user/45554222-652f-4eb5-b4e6-9ebc83a5371a","service":"backend","timestamp":"2026-01-29 02:08:17"}
{"level":"debug","message":"[getProfile] id=45554222-652f-4eb5-b4e6-9ebc83a5371a cacheKey=profile:45554222-652f-4eb5-b4e6-9ebc83a5371a","service":"backend","timestamp":"2026-01-29 02:08:17"}
{"level":"debug","message":"[getProfile] Returning profile for id=45554222-652f-4eb5-b4e6-9ebc83a5371a","service":"backend","timestamp":"2026-01-29 02:08:17"}
{"level":"info","message":"GET /api/profile/user/45554222-652f-4eb5-b4e6-9ebc83a5371a","service":"backend","timestamp":"2026-01-29 02:09:44"}
{"level":"debug","message":"[getProfile] id=45554222-652f-4eb5-b4e6-9ebc83a5371a cacheKey=profile:45554222-652f-4eb5-b4e6-9ebc83a5371a","service":"backend","timestamp":"2026-01-29 02:09:44"}
{"level":"debug","message":"[getProfile] Returning profile for id=45554222-652f-4eb5-b4e6-9ebc83a5371a","service":"backend","timestamp":"2026-01-29 02:09:44"}
{"level":"info","message":"GET /api/community/joined","service":"backend","timestamp":"2026-01-29 02:15:00"}
{"level":"info","message":"GET /api/creator/stats/45554222-652f-4eb5-b4e6-9ebc83a5371a","service":"backend","timestamp":"2026-01-29 02:15:00"}
{"level":"info","message":"GET /api/community/posts/feed","service":"backend","timestamp":"2026-01-29 02:15:00"}
{"level":"info","message":"GET /api/profile/user/45554222-652f-4eb5-b4e6-9ebc83a5371a","service":"backend","timestamp":"2026-01-29 02:15:00"}
{"level":"info","message":"GET /api/community/discover","service":"backend","timestamp":"2026-01-29 02:15:00"}
{"level":"debug","message":"[getCreatorStats] userId=45554222-652f-4eb5-b4e6-9ebc83a5371a cacheKey=creator_stats:45554222-652f-4eb5-b4e6-9ebc83a5371a","service":"backend","timestamp":"2026-01-29 02:15:00"}
{"level":"debug","message":"[getCreatorStats] Cache miss -> fetching from Supabase for 45554222-652f-4eb5-b4e6-9ebc83a5371a","service":"backend","timestamp":"2026-01-29 02:15:00"}
{"level":"debug","message":"[getProfile] id=45554222-652f-4eb5-b4e6-9ebc83a5371a cacheKey=profile:45554222-652f-4eb5-b4e6-9ebc83a5371a","service":"backend","timestamp":"2026-01-29 02:15:00"}
{"level":"debug","message":"[getProfile] Returning profile for id=45554222-652f-4eb5-b4e6-9ebc83a5371a","service":"backend","timestamp":"2026-01-29 02:15:00"}
{"level":"debug","message":"[getCreatorStats] Supabase fetch success, will cache key: creator_stats:45554222-652f-4eb5-b4e6-9ebc83a5371a","service":"backend","timestamp":"2026-01-29 02:15:01"}
{"level":"debug","message":"[getCreatorStats] Returning stats for userId=45554222-652f-4eb5-b4e6-9ebc83a5371a","service":"backend","timestamp":"2026-01-29 02:15:01"}
{"level":"info","message":"GET /api/follow/followers/45554222-652f-4eb5-b4e6-9ebc83a5371a","service":"backend","timestamp":"2026-01-29 02:15:01"}
{"level":"info","message":"GET /api/follow/following/45554222-652f-4eb5-b4e6-9ebc83a5371a","service":"backend","timestamp":"2026-01-29 02:15:01"}
{"level":"info","message":"GET /api/block/list","service":"backend","timestamp":"2026-01-29 02:15:03"}
{"level":"info","message":"PUT /api/profile/user/45554222-652f-4eb5-b4e6-9ebc83a5371a","service":"backend","timestamp":"2026-01-29 02:15:05"}
{"authenticatedUserId":"45554222-652f-4eb5-b4e6-9ebc83a5371a","id":"45554222-652f-4eb5-b4e6-9ebc83a5371a","level":"info","message":"PUT /api/profile","service":"backend","timestamp":"2026-01-29 02:15:05"}
{"level":"info","message":"Invalidated 1 cache keys matching profile:45554222-652f-4eb5-b4e6-9ebc83a5371a","service":"backend","timestamp":"2026-01-29 02:15:05"}
{"0":"p","1":"r","10":"5","11":"5","12":"4","13":"2","14":"2","15":"2","16":"-","17":"6","18":"5","19":"2","2":"o","20":"f","21":"-","22":"4","23":"e","24":"b","25":"5","26":"-","27":"b","28":"4","29":"e","3":"f","30":"6","31":"-","32":"9","33":"e","34":"b","35":"c","36":"8","37":"3","38":"a","39":"5","4":"i","40":"3","41":"7","42":"1","43":"a","5":"l","6":"e","7":":","8":"4","9":"5","level":"debug","message":"[updateProfile] Cache invalidated for:","service":"backend","timestamp":"2026-01-29 02:15:05"}
{"level":"info","message":"GET /api/profile/user/45554222-652f-4eb5-b4e6-9ebc83a5371a","service":"backend","timestamp":"2026-01-29 02:15:05"}
{"level":"info","message":"GET /api/profile/user/45554222-652f-4eb5-b4e6-9ebc83a5371a","service":"backend","timestamp":"2026-01-29 02:15:05"}
{"level":"debug","message":"[getProfile] id=45554222-652f-4eb5-b4e6-9ebc83a5371a cacheKey=profile:45554222-652f-4eb5-b4e6-9ebc83a5371a","service":"backend","timestamp":"2026-01-29 02:15:05"}
{"level":"debug","message":"[getProfile] Cache miss -> fetching from Supabase for 45554222-652f-4eb5-b4e6-9ebc83a5371a","service":"backend","timestamp":"2026-01-29 02:15:05"}
{"level":"debug","message":"[getProfile] id=45554222-652f-4eb5-b4e6-9ebc83a5371a cacheKey=profile:45554222-652f-4eb5-b4e6-9ebc83a5371a","service":"backend","timestamp":"2026-01-29 02:15:06"}
{"level":"debug","message":"[getProfile] Cache miss -> fetching from Supabase for 45554222-652f-4eb5-b4e6-9ebc83a5371a","service":"backend","timestamp":"2026-01-29 02:15:06"}
{"level":"debug","message":"[getProfile] Supabase fetch success, will cache key: profile:45554222-652f-4eb5-b4e6-9ebc83a5371a","service":"backend","timestamp":"2026-01-29 02:15:06"}
{"level":"debug","message":"[getProfile] Returning profile for id=45554222-652f-4eb5-b4e6-9ebc83a5371a","service":"backend","timestamp":"2026-01-29 02:15:06"}
{"level":"debug","message":"[getProfile] Supabase fetch success, will cache key: profile:45554222-652f-4eb5-b4e6-9ebc83a5371a","service":"backend","timestamp":"2026-01-29 02:15:06"}
{"level":"debug","message":"[getProfile] Returning profile for id=45554222-652f-4eb5-b4e6-9ebc83a5371a","service":"backend","timestamp":"2026-01-29 02:15:06"}
{"level":"info","message":"PUT /api/profile/user/45554222-652f-4eb5-b4e6-9ebc83a5371a","service":"backend","timestamp":"2026-01-29 02:15:28"}
{"authenticatedUserId":"45554222-652f-4eb5-b4e6-9ebc83a5371a","id":"45554222-652f-4eb5-b4e6-9ebc83a5371a","level":"info","message":"PUT /api/profile","service":"backend","timestamp":"2026-01-29 02:15:29"}
{"level":"info","message":"Invalidated 1 cache keys matching profile:45554222-652f-4eb5-b4e6-9ebc83a5371a","service":"backend","timestamp":"2026-01-29 02:15:29"}
{"0":"p","1":"r","10":"5","11":"5","12":"4","13":"2","14":"2","15":"2","16":"-","17":"6","18":"5","19":"2","2":"o","20":"f","21":"-","22":"4","23":"e","24":"b","25":"5","26":"-","27":"b","28":"4","29":"e","3":"f","30":"6","31":"-","32":"9","33":"e","34":"b","35":"c","36":"8","37":"3","38":"a","39":"5","4":"i","40":"3","41":"7","42":"1","43":"a","5":"l","6":"e","7":":","8":"4","9":"5","level":"debug","message":"[updateProfile] Cache invalidated for:","service":"backend","timestamp":"2026-01-29 02:15:29"}
{"level":"info","message":"GET /api/profile/user/45554222-652f-4eb5-b4e6-9ebc83a5371a","service":"backend","timestamp":"2026-01-29 02:15:29"}
{"level":"info","message":"GET /api/profile/user/45554222-652f-4eb5-b4e6-9ebc83a5371a","service":"backend","timestamp":"2026-01-29 02:15:29"}
{"level":"debug","message":"[getProfile] id=45554222-652f-4eb5-b4e6-9ebc83a5371a cacheKey=profile:45554222-652f-4eb5-b4e6-9ebc83a5371a","service":"backend","timestamp":"2026-01-29 02:15:29"}
{"level":"debug","message":"[getProfile] Cache miss -> fetching from Supabase for 45554222-652f-4eb5-b4e6-9ebc83a5371a","service":"backend","timestamp":"2026-01-29 02:15:29"}
{"level":"debug","message":"[getProfile] Supabase fetch success, will cache key: profile:45554222-652f-4eb5-b4e6-9ebc83a5371a","service":"backend","timestamp":"2026-01-29 02:15:29"}
{"level":"debug","message":"[getProfile] Returning profile for id=45554222-652f-4eb5-b4e6-9ebc83a5371a","service":"backend","timestamp":"2026-01-29 02:15:29"}
{"level":"debug","message":"[getProfile] id=45554222-652f-4eb5-b4e6-9ebc83a5371a cacheKey=profile:45554222-652f-4eb5-b4e6-9ebc83a5371a","service":"backend","timestamp":"2026-01-29 02:15:29"}
{"level":"debug","message":"[getProfile] Returning profile for id=45554222-652f-4eb5-b4e6-9ebc83a5371a","service":"backend","timestamp":"2026-01-29 02:15:29"}
{"level":"info","message":"GET /api/profile/user/45554222-652f-4eb5-b4e6-9ebc83a5371a","service":"backend","timestamp":"2026-01-29 02:17:01"}
{"level":"debug","message":"[getProfile] id=45554222-652f-4eb5-b4e6-9ebc83a5371a cacheKey=profile:45554222-652f-4eb5-b4e6-9ebc83a5371a","service":"backend","timestamp":"2026-01-29 02:17:02"}
{"level":"debug","message":"[getProfile] Returning profile for id=45554222-652f-4eb5-b4e6-9ebc83a5371a","service":"backend","timestamp":"2026-01-29 02:17:02"}
{"level":"info","message":"GET /api/profile/user/45554222-652f-4eb5-b4e6-9ebc83a5371a","service":"backend","timestamp":"2026-01-29 02:20:50"}
{"level":"debug","message":"[getProfile] id=45554222-652f-4eb5-b4e6-9ebc83a5371a cacheKey=profile:45554222-652f-4eb5-b4e6-9ebc83a5371a","service":"backend","timestamp":"2026-01-29 02:20:50"}
{"level":"debug","message":"[getProfile] Returning profile for id=45554222-652f-4eb5-b4e6-9ebc83a5371a","service":"backend","timestamp":"2026-01-29 02:20:50"}
{"level":"info","message":"GET /api/profile/user/45554222-652f-4eb5-b4e6-9ebc83a5371a","service":"backend","timestamp":"2026-01-29 02:20:50"}
{"level":"debug","message":"[getProfile] id=45554222-652f-4eb5-b4e6-9ebc83a5371a cacheKey=profile:45554222-652f-4eb5-b4e6-9ebc83a5371a","service":"backend","timestamp":"2026-01-29 02:20:51"}
{"level":"debug","message":"[getProfile] Returning profile for id=45554222-652f-4eb5-b4e6-9ebc83a5371a","service":"backend","timestamp":"2026-01-29 02:20:51"}
{"level":"info","message":"GET /api/profile/user/45554222-652f-4eb5-b4e6-9ebc83a5371a","service":"backend","timestamp":"2026-01-29 02:20:54"}
{"level":"debug","message":"[getProfile] id=45554222-652f-4eb5-b4e6-9ebc83a5371a cacheKey=profile:45554222-652f-4eb5-b4e6-9ebc83a5371a","service":"backend","timestamp":"2026-01-29 02:20:54"}
{"level":"debug","message":"[getProfile] Returning profile for id=45554222-652f-4eb5-b4e6-9ebc83a5371a","service":"backend","timestamp":"2026-01-29 02:20:54"}
{"level":"info","message":"GET /api/profile/user/45554222-652f-4eb5-b4e6-9ebc83a5371a","service":"backend","timestamp":"2026-01-29 02:20:55"}
{"level":"debug","message":"[getProfile] id=45554222-652f-4eb5-b4e6-9ebc83a5371a cacheKey=profile:45554222-652f-4eb5-b4e6-9ebc83a5371a","service":"backend","timestamp":"2026-01-29 02:20:55"}
{"level":"debug","message":"[getProfile] Returning profile for id=45554222-652f-4eb5-b4e6-9ebc83a5371a","service":"backend","timestamp":"2026-01-29 02:20:55"}
{"level":"info","message":"GET /api/community/joined","service":"backend","timestamp":"2026-01-29 02:20:59"}
{"level":"info","message":"GET /api/creator/stats/45554222-652f-4eb5-b4e6-9ebc83a5371a","service":"backend","timestamp":"2026-01-29 02:20:59"}
{"level":"info","message":"GET /api/community/discover","service":"backend","timestamp":"2026-01-29 02:20:59"}
{"level":"info","message":"GET /api/community/posts/feed","service":"backend","timestamp":"2026-01-29 02:20:59"}
{"level":"debug","message":"[getCreatorStats] userId=45554222-652f-4eb5-b4e6-9ebc83a5371a cacheKey=creator_stats:45554222-652f-4eb5-b4e6-9ebc83a5371a","service":"backend","timestamp":"2026-01-29 02:21:00"}
{"level":"debug","message":"[getCreatorStats] Cache miss -> fetching from Supabase for 45554222-652f-4eb5-b4e6-9ebc83a5371a","service":"backend","timestamp":"2026-01-29 02:21:00"}
{"level":"debug","message":"[getCreatorStats] Supabase fetch success, will cache key: creator_stats:45554222-652f-4eb5-b4e6-9ebc83a5371a","service":"backend","timestamp":"2026-01-29 02:21:00"}
{"level":"debug","message":"[getCreatorStats] Returning stats for userId=45554222-652f-4eb5-b4e6-9ebc83a5371a","service":"backend","timestamp":"2026-01-29 02:21:00"}
{"level":"info","message":"GET /api/follow/followers/45554222-652f-4eb5-b4e6-9ebc83a5371a","service":"backend","timestamp":"2026-01-29 02:21:01"}
{"level":"info","message":"GET /api/follow/following/45554222-652f-4eb5-b4e6-9ebc83a5371a","service":"backend","timestamp":"2026-01-29 02:21:01"}
{"level":"info","message":"GET /api/profile/user/45554222-652f-4eb5-b4e6-9ebc83a5371a","service":"backend","timestamp":"2026-01-29 02:21:01"}
{"level":"debug","message":"[getProfile] id=45554222-652f-4eb5-b4e6-9ebc83a5371a cacheKey=profile:45554222-652f-4eb5-b4e6-9ebc83a5371a","service":"backend","timestamp":"2026-01-29 02:21:01"}
{"level":"debug","message":"[getProfile] Returning profile for id=45554222-652f-4eb5-b4e6-9ebc83a5371a","service":"backend","timestamp":"2026-01-29 02:21:01"}
{"level":"info","message":"GET /api/block/list","service":"backend","timestamp":"2026-01-29 02:21:06"}
{"level":"info","message":"GET /api/profile/user/45554222-652f-4eb5-b4e6-9ebc83a5371a","service":"backend","timestamp":"2026-01-29 02:21:11"}
{"level":"debug","message":"[getProfile] id=45554222-652f-4eb5-b4e6-9ebc83a5371a cacheKey=profile:45554222-652f-4eb5-b4e6-9ebc83a5371a","service":"backend","timestamp":"2026-01-29 02:21:11"}
{"level":"debug","message":"[getProfile] Returning profile for id=45554222-652f-4eb5-b4e6-9ebc83a5371a","service":"backend","timestamp":"2026-01-29 02:21:11"}
{"level":"info","message":"GET /api/profile/user/45554222-652f-4eb5-b4e6-9ebc83a5371a","service":"backend","timestamp":"2026-01-29 02:21:17"}
{"level":"debug","message":"[getProfile] id=45554222-652f-4eb5-b4e6-9ebc83a5371a cacheKey=profile:45554222-652f-4eb5-b4e6-9ebc83a5371a","service":"backend","timestamp":"2026-01-29 02:21:17"}
{"level":"debug","message":"[getProfile] Returning profile for id=45554222-652f-4eb5-b4e6-9ebc83a5371a","service":"backend","timestamp":"2026-01-29 02:21:17"}
{"level":"info","message":"GET /api/profile/user/45554222-652f-4eb5-b4e6-9ebc83a5371a","service":"backend","timestamp":"2026-01-29 02:21:26"}
{"level":"debug","message":"[getProfile] id=45554222-652f-4eb5-b4e6-9ebc83a5371a cacheKey=profile:45554222-652f-4eb5-b4e6-9ebc83a5371a","service":"backend","timestamp":"2026-01-29 02:21:26"}
{"level":"debug","message":"[getProfile] Returning profile for id=45554222-652f-4eb5-b4e6-9ebc83a5371a","service":"backend","timestamp":"2026-01-29 02:21:26"}
{"level":"info","message":"GET /api/profile/user/45554222-652f-4eb5-b4e6-9ebc83a5371a","service":"backend","timestamp":"2026-01-29 02:21:31"}
{"level":"debug","message":"[getProfile] id=45554222-652f-4eb5-b4e6-9ebc83a5371a cacheKey=profile:45554222-652f-4eb5-b4e6-9ebc83a5371a","service":"backend","timestamp":"2026-01-29 02:21:31"}
{"level":"debug","message":"[getProfile] Returning profile for id=45554222-652f-4eb5-b4e6-9ebc83a5371a","service":"backend","timestamp":"2026-01-29 02:21:31"}
{"level":"info","message":"GET /api/community/discover","service":"backend","timestamp":"2026-01-29 02:44:11"}
{"level":"info","message":"GET /api/community/joined","service":"backend","timestamp":"2026-01-29 02:44:11"}
{"level":"info","message":"GET /api/community/posts/feed","service":"backend","timestamp":"2026-01-29 02:44:11"}
{"level":"info","message":"GET /api/creator/stats/45554222-652f-4eb5-b4e6-9ebc83a5371a","service":"backend","timestamp":"2026-01-29 02:44:11"}
{"level":"info","message":"GET /api/profile/user/45554222-652f-4eb5-b4e6-9ebc83a5371a","service":"backend","timestamp":"2026-01-29 02:44:11"}
{"level":"debug","message":"[getCreatorStats] userId=45554222-652f-4eb5-b4e6-9ebc83a5371a cacheKey=creator_stats:45554222-652f-4eb5-b4e6-9ebc83a5371a","service":"backend","timestamp":"2026-01-29 02:44:12"}
{"level":"debug","message":"[getCreatorStats] Cache miss -> fetching from Supabase for 45554222-652f-4eb5-b4e6-9ebc83a5371a","service":"backend","timestamp":"2026-01-29 02:44:12"}
{"level":"debug","message":"[getProfile] id=45554222-652f-4eb5-b4e6-9ebc83a5371a cacheKey=profile:45554222-652f-4eb5-b4e6-9ebc83a5371a","service":"backend","timestamp":"2026-01-29 02:44:12"}
{"level":"debug","message":"[getProfile] Returning profile for id=45554222-652f-4eb5-b4e6-9ebc83a5371a","service":"backend","timestamp":"2026-01-29 02:44:12"}
{"level":"debug","message":"[getCreatorStats] Supabase fetch success, will cache key: creator_stats:45554222-652f-4eb5-b4e6-9ebc83a5371a","service":"backend","timestamp":"2026-01-29 02:44:12"}
{"level":"debug","message":"[getCreatorStats] Returning stats for userId=45554222-652f-4eb5-b4e6-9ebc83a5371a","service":"backend","timestamp":"2026-01-29 02:44:12"}
{"level":"info","message":"GET /api/service/mine","service":"backend","timestamp":"2026-01-29 02:45:30"}
{"level":"info","message":"GET /api/message","service":"backend","timestamp":"2026-01-29 02:45:33"}
{"level":"info","message":"GET /api/follow/followers/45554222-652f-4eb5-b4e6-9ebc83a5371a","service":"backend","timestamp":"2026-01-29 02:45:34"}
{"level":"info","message":"GET /api/follow/following/45554222-652f-4eb5-b4e6-9ebc83a5371a","service":"backend","timestamp":"2026-01-29 02:45:34"}
{"level":"info","message":"GET /api/profile/user/45554222-652f-4eb5-b4e6-9ebc83a5371a","service":"backend","timestamp":"2026-01-29 02:46:12"}
{"level":"debug","message":"[getProfile] id=45554222-652f-4eb5-b4e6-9ebc83a5371a cacheKey=profile:45554222-652f-4eb5-b4e6-9ebc83a5371a","service":"backend","timestamp":"2026-01-29 02:46:13"}
{"level":"debug","message":"[getProfile] Returning profile for id=45554222-652f-4eb5-b4e6-9ebc83a5371a","service":"backend","timestamp":"2026-01-29 02:46:13"}
{"level":"info","message":"GET /api/profile/user/45554222-652f-4eb5-b4e6-9ebc83a5371a","service":"backend","timestamp":"2026-01-29 02:46:26"}
{"level":"debug","message":"[getProfile] id=45554222-652f-4eb5-b4e6-9ebc83a5371a cacheKey=profile:45554222-652f-4eb5-b4e6-9ebc83a5371a","service":"backend","timestamp":"2026-01-29 02:46:26"}
{"level":"debug","message":"[getProfile] Returning profile for id=45554222-652f-4eb5-b4e6-9ebc83a5371a","service":"backend","timestamp":"2026-01-29 02:46:26"}
{"level":"info","message":"Redis client connected","service":"backend","timestamp":"2026-01-29 02:47:34"}
{"level":"info","message":"Redis client ready","service":"backend","timestamp":"2026-01-29 02:47:34"}
{"0":"R","1":"e","10":"l","11":"r","12":"e","13":"a","14":"d","15":"y","16":" ","17":"c","18":"o","19":"n","2":"d","20":"n","21":"e","22":"c","23":"t","24":"i","25":"n","26":"g","27":"/","28":"c","29":"o","3":"i","30":"n","31":"n","32":"e","33":"c","34":"t","35":"e","36":"d","4":"s","5":" ","6":"i","7":"s","8":" ","9":"a","level":"warn","message":"Redis connection failed, server starting without cache:","service":"backend","timestamp":"2026-01-29 02:47:34"}
{"level":"info","message":"Server running at http://0.0.0.0:3000","service":"backend","timestamp":"2026-01-29 02:47:34"}
{"level":"info","message":"Environment: development","service":"backend","timestamp":"2026-01-29 02:47:34"}
{"level":"info","message":"Redis connected: true","service":"backend","timestamp":"2026-01-29 02:47:34"}
{"level":"info","message":"Redis client connected","service":"backend","timestamp":"2026-01-29 02:47:35"}
{"level":"info","message":"Redis client ready","service":"backend","timestamp":"2026-01-29 02:47:35"}
{"0":"R","1":"e","10":"l","11":"r","12":"e","13":"a","14":"d","15":"y","16":" ","17":"c","18":"o","19":"n","2":"d","20":"n","21":"e","22":"c","23":"t","24":"i","25":"n","26":"g","27":"/","28":"c","29":"o","3":"i","30":"n","31":"n","32":"e","33":"c","34":"t","35":"e","36":"d","4":"s","5":" ","6":"i","7":"s","8":" ","9":"a","level":"warn","message":"Redis connection failed, server starting without cache:","service":"backend","timestamp":"2026-01-29 02:47:35"}
{"level":"info","message":"Server running at http://0.0.0.0:3000","service":"backend","timestamp":"2026-01-29 02:47:35"}
{"level":"info","message":"Environment: development","service":"backend","timestamp":"2026-01-29 02:47:35"}
{"level":"info","message":"Redis connected: true","service":"backend","timestamp":"2026-01-29 02:47:35"}
{"level":"info","message":"Redis client connected","service":"backend","timestamp":"2026-01-29 02:53:28"}
{"level":"info","message":"Redis client ready","service":"backend","timestamp":"2026-01-29 02:53:28"}
{"0":"R","1":"e","10":"l","11":"r","12":"e","13":"a","14":"d","15":"y","16":" ","17":"c","18":"o","19":"n","2":"d","20":"n","21":"e","22":"c","23":"t","24":"i","25":"n","26":"g","27":"/","28":"c","29":"o","3":"i","30":"n","31":"n","32":"e","33":"c","34":"t","35":"e","36":"d","4":"s","5":" ","6":"i","7":"s","8":" ","9":"a","level":"warn","message":"Redis connection failed, server starting without cache:","service":"backend","timestamp":"2026-01-29 02:53:28"}
{"level":"info","message":"Server running at http://0.0.0.0:3000","service":"backend","timestamp":"2026-01-29 02:53:28"}
{"level":"info","message":"Environment: development","service":"backend","timestamp":"2026-01-29 02:53:28"}
{"level":"info","message":"Redis connected: true","service":"backend","timestamp":"2026-01-29 02:53:28"}
{"level":"info","message":"GET /api/profile/user/45554222-652f-4eb5-b4e6-9ebc83a5371a","service":"backend","timestamp":"2026-01-29 02:54:22"}
{"level":"debug","message":"[getProfile] id=45554222-652f-4eb5-b4e6-9ebc83a5371a cacheKey=profile:45554222-652f-4eb5-b4e6-9ebc83a5371a","service":"backend","timestamp":"2026-01-29 02:54:23"}
{"level":"debug","message":"[getProfile] Returning profile for id=45554222-652f-4eb5-b4e6-9ebc83a5371a","service":"backend","timestamp":"2026-01-29 02:54:23"}
{"level":"info","message":"GET /api/profile/user/45554222-652f-4eb5-b4e6-9ebc83a5371a","service":"backend","timestamp":"2026-01-29 02:54:23"}
{"level":"debug","message":"[getProfile] id=45554222-652f-4eb5-b4e6-9ebc83a5371a cacheKey=profile:45554222-652f-4eb5-b4e6-9ebc83a5371a","service":"backend","timestamp":"2026-01-29 02:54:24"}
{"level":"debug","message":"[getProfile] Returning profile for id=45554222-652f-4eb5-b4e6-9ebc83a5371a","service":"backend","timestamp":"2026-01-29 02:54:24"}
{"level":"info","message":"GET /api/community/joined","service":"backend","timestamp":"2026-01-29 02:54:28"}
{"level":"info","message":"GET /api/community/posts/feed","service":"backend","timestamp":"2026-01-29 02:54:28"}
{"level":"info","message":"GET /api/creator/stats/45554222-652f-4eb5-b4e6-9ebc83a5371a","service":"backend","timestamp":"2026-01-29 02:54:28"}
{"level":"info","message":"GET /api/community/discover","service":"backend","timestamp":"2026-01-29 02:54:28"}
{"level":"debug","message":"[getCreatorStats] userId=45554222-652f-4eb5-b4e6-9ebc83a5371a cacheKey=creator_stats:45554222-652f-4eb5-b4e6-9ebc83a5371a","service":"backend","timestamp":"2026-01-29 02:54:28"}
{"level":"debug","message":"[getCreatorStats] Cache miss -> fetching from Supabase for 45554222-652f-4eb5-b4e6-9ebc83a5371a","service":"backend","timestamp":"2026-01-29 02:54:28"}
{"level":"debug","message":"[getCreatorStats] Supabase fetch success, will cache key: creator_stats:45554222-652f-4eb5-b4e6-9ebc83a5371a","service":"backend","timestamp":"2026-01-29 02:54:29"}
{"level":"debug","message":"[getCreatorStats] Returning stats for userId=45554222-652f-4eb5-b4e6-9ebc83a5371a","service":"backend","timestamp":"2026-01-29 02:54:29"}
{"level":"info","message":"GET /api/profile/user/45554222-652f-4eb5-b4e6-9ebc83a5371a","service":"backend","timestamp":"2026-01-29 02:54:30"}
{"level":"debug","message":"[getProfile] id=45554222-652f-4eb5-b4e6-9ebc83a5371a cacheKey=profile:45554222-652f-4eb5-b4e6-9ebc83a5371a","service":"backend","timestamp":"2026-01-29 02:54:30"}
{"level":"debug","message":"[getProfile] Returning profile for id=45554222-652f-4eb5-b4e6-9ebc83a5371a","service":"backend","timestamp":"2026-01-29 02:54:30"}
{"level":"info","message":"GET /api/message","service":"backend","timestamp":"2026-01-29 02:54:31"}
{"level":"info","message":"GET /api/follow/following/45554222-652f-4eb5-b4e6-9ebc83a5371a","service":"backend","timestamp":"2026-01-29 02:54:32"}
{"level":"info","message":"GET /api/follow/followers/45554222-652f-4eb5-b4e6-9ebc83a5371a","service":"backend","timestamp":"2026-01-29 02:54:32"}
{"level":"info","message":"GET /api/profile/user/45554222-652f-4eb5-b4e6-9ebc83a5371a","service":"backend","timestamp":"2026-01-29 02:54:47"}
{"level":"debug","message":"[getProfile] id=45554222-652f-4eb5-b4e6-9ebc83a5371a cacheKey=profile:45554222-652f-4eb5-b4e6-9ebc83a5371a","service":"backend","timestamp":"2026-01-29 02:54:47"}
{"level":"debug","message":"[getProfile] Returning profile for id=45554222-652f-4eb5-b4e6-9ebc83a5371a","service":"backend","timestamp":"2026-01-29 02:54:47"}
{"level":"info","message":"GET /api/profile/user/45554222-652f-4eb5-b4e6-9ebc83a5371a","service":"backend","timestamp":"2026-01-29 02:54:47"}
{"level":"debug","message":"[getProfile] id=45554222-652f-4eb5-b4e6-9ebc83a5371a cacheKey=profile:45554222-652f-4eb5-b4e6-9ebc83a5371a","service":"backend","timestamp":"2026-01-29 02:54:47"}
{"level":"debug","message":"[getProfile] Returning profile for id=45554222-652f-4eb5-b4e6-9ebc83a5371a","service":"backend","timestamp":"2026-01-29 02:54:47"}
{"level":"info","message":"Redis client connected","service":"backend","timestamp":"2026-01-29 02:56:22"}
{"level":"info","message":"Redis client ready","service":"backend","timestamp":"2026-01-29 02:56:22"}
{"0":"R","1":"e","10":"l","11":"r","12":"e","13":"a","14":"d","15":"y","16":" ","17":"c","18":"o","19":"n","2":"d","20":"n","21":"e","22":"c","23":"t","24":"i","25":"n","26":"g","27":"/","28":"c","29":"o","3":"i","30":"n","31":"n","32":"e","33":"c","34":"t","35":"e","36":"d","4":"s","5":" ","6":"i","7":"s","8":" ","9":"a","level":"warn","message":"Redis connection failed, server starting without cache:","service":"backend","timestamp":"2026-01-29 02:56:22"}
{"level":"info","message":"Server running at http://0.0.0.0:3000","service":"backend","timestamp":"2026-01-29 02:56:22"}
{"level":"info","message":"Environment: development","service":"backend","timestamp":"2026-01-29 02:56:22"}
{"level":"info","message":"Redis connected: true","service":"backend","timestamp":"2026-01-29 02:56:22"}
{"level":"info","message":"GET /api/profile/user/45554222-652f-4eb5-b4e6-9ebc83a5371a","service":"backend","timestamp":"2026-01-29 02:56:30"}
{"level":"debug","message":"[getProfile] id=45554222-652f-4eb5-b4e6-9ebc83a5371a cacheKey=profile:45554222-652f-4eb5-b4e6-9ebc83a5371a","service":"backend","timestamp":"2026-01-29 02:56:30"}
{"level":"debug","message":"[getProfile] Returning profile for id=45554222-652f-4eb5-b4e6-9ebc83a5371a","service":"backend","timestamp":"2026-01-29 02:56:30"}
{"level":"info","message":"GET /api/profile/user/45554222-652f-4eb5-b4e6-9ebc83a5371a","service":"backend","timestamp":"2026-01-29 02:58:30"}
{"level":"debug","message":"[getProfile] id=45554222-652f-4eb5-b4e6-9ebc83a5371a cacheKey=profile:45554222-652f-4eb5-b4e6-9ebc83a5371a","service":"backend","timestamp":"2026-01-29 02:58:30"}
{"level":"debug","message":"[getProfile] Returning profile for id=45554222-652f-4eb5-b4e6-9ebc83a5371a","service":"backend","timestamp":"2026-01-29 02:58:30"}
{"level":"info","message":"GET /api/service/mine","service":"backend","timestamp":"2026-01-29 02:58:56"}
